model,layers,train_tokens,dev_tokens,test,All / Accuracy,All / Precision,All / Recall,All / Support,Ambiguous tokens / Accuracy,Ambiguous tokens / Precision,Ambiguous tokens / Recall,Ambiguous tokens / Support,Unknown targets / Accuracy,Unknown targets / Precision,Unknown targets / Recall,Unknown targets / Support,Unknown tokens / Accuracy,Unknown tokens / Precision,Unknown tokens / Recall,Unknown tokens / Support
Cicero discours,1,370694,20696,Caesar_BellumGallicum_CaesBG3,0.9245,0.7604,0.7482,3403,0.8292,0.6864,0.6853,445,0.481,0.3,0.2853,158,0.7159,0.5309,0.5159,440
Cicero discours,2,370694,20696,Caesar_BellumGallicum_CaesBG3,0.9224,0.7578,0.7465,3403,0.8045,0.624,0.6353,445,0.4241,0.2759,0.2586,158,0.7,0.5254,0.5064,440
Ciceron petit,1,110859,5508,Caesar_BellumGallicum_CaesBG3,0.8619,0.595,0.5759,3403,0.7469,0.5859,0.6159,324,0.4045,0.2375,0.2221,309,0.5754,0.3627,0.3438,756
Ciceron petit,2,110859,5508,Caesar_BellumGallicum_CaesBG3,0.8757,0.6358,0.624,3403,0.7407,0.556,0.5962,324,0.4207,0.2493,0.2319,309,0.6257,0.4207,0.4053,756
Corpus divers,1,372877,19525,Caesar_BellumGallicum_CaesBG3,0.9433,0.8348,0.8263,3403,0.8442,0.7346,0.7245,584,0.4479,0.3364,0.3074,96,0.762,0.6302,0.6211,332
Corpus divers,2,372877,19525,Caesar_BellumGallicum_CaesBG3,0.9424,0.8366,0.8273,3403,0.8288,0.6951,0.7014,584,0.5208,0.4059,0.3579,96,0.7771,0.65,0.6311,332
Horace_lucrece,1,86929,4626,Caesar_BellumGallicum_CaesBG3,0.7546,0.4537,0.4149,3403,0.7843,0.5595,0.5703,445,0.3418,0.2088,0.1794,392,0.4525,0.3006,0.264,1158
Horace_lucrece,2,86929,4626,Caesar_BellumGallicum_CaesBG3,0.7781,0.4683,0.4375,3403,0.791,0.5903,0.5926,445,0.2398,0.1369,0.126,392,0.4698,0.294,0.2675,1158
Ovide,1,90679,4730,Caesar_BellumGallicum_CaesBG3,0.7249,0.4325,0.3946,3403,0.6708,0.5161,0.4989,322,0.3339,0.2262,0.1853,584,0.4207,0.2948,0.2577,1317
Ovide,2,90679,4730,Caesar_BellumGallicum_CaesBG3,0.7605,0.485,0.4515,3403,0.6739,0.477,0.4883,322,0.375,0.2289,0.1912,584,0.4882,0.3454,0.311,1317
Prose,1,243959,13075,Caesar_BellumGallicum_CaesBG3,0.9395,0.8148,0.8064,3403,0.7996,0.6501,0.6545,479,0.4839,0.3486,0.3096,93,0.7305,0.5881,0.5708,308
Prose,2,243959,13075,Caesar_BellumGallicum_CaesBG3,0.9545,0.8627,0.8578,3403,0.8288,0.72,0.7215,479,0.6237,0.4444,0.4091,93,0.8182,0.6907,0.6715,308
Seneque lucilium,1,112818,5983,Caesar_BellumGallicum_CaesBG3,0.8237,0.5656,0.5362,3403,0.7439,0.5407,0.5152,371,0.4211,0.2956,0.2648,304,0.5812,0.4146,0.379,948
Seneque lucilium,2,112818,5983,Caesar_BellumGallicum_CaesBG3,0.8293,0.5419,0.5274,3403,0.7385,0.5766,0.5658,371,0.1645,0.1005,0.0886,304,0.557,0.3614,0.3452,948
Seneque philo autres,1,111329,6221,Caesar_BellumGallicum_CaesBG3,0.8448,0.5989,0.5705,3403,0.6751,0.4951,0.4961,357,0.4053,0.2647,0.2333,301,0.6,0.4352,0.3989,850
Seneque philo autres,2,111329,6221,Caesar_BellumGallicum_CaesBG3,0.861,0.6322,0.6125,3403,0.6891,0.5142,0.5218,357,0.4219,0.2625,0.2414,301,0.6506,0.471,0.4491,850
Tacite,1,111431,6121,Caesar_BellumGallicum_CaesBG3,0.8948,0.6943,0.6761,3403,0.7168,0.5926,0.5767,346,0.4171,0.2933,0.2626,187,0.6769,0.5205,0.4908,619
Tacite,2,111431,6121,Caesar_BellumGallicum_CaesBG3,0.9136,0.7764,0.7602,3403,0.6879,0.58,0.5638,346,0.5775,0.4322,0.4051,187,0.7722,0.6361,0.6093,619
Theatre plaute seneque,1,110172,5399,Caesar_BellumGallicum_CaesBG3,0.784,0.4883,0.4542,3403,0.7885,0.606,0.598,468,0.3612,0.2386,0.2077,407,0.5331,0.3566,0.3206,1148
Theatre plaute seneque,2,110172,5399,Caesar_BellumGallicum_CaesBG3,0.8149,0.5277,0.4981,3403,0.7821,0.5845,0.6095,468,0.4521,0.2673,0.2367,407,0.588,0.3918,0.3576,1148
Vers,1,246514,13203,Caesar_BellumGallicum_CaesBG3,0.8451,0.6159,0.5866,3403,0.8118,0.6618,0.6539,542,0.4938,0.3061,0.2672,322,0.6149,0.4453,0.4116,953
Vers,2,246514,13203,Caesar_BellumGallicum_CaesBG3,0.8566,0.6587,0.6342,3403,0.7731,0.5963,0.581,542,0.5124,0.3239,0.29,322,0.6726,0.5153,0.4883,953
Virgile,1,82977,4511,Caesar_BellumGallicum_CaesBG3,0.7376,0.4261,0.3921,3403,0.6355,0.4057,0.4085,299,0.3436,0.2137,0.1824,518,0.4448,0.2813,0.2447,1259
Virgile,2,82977,4511,Caesar_BellumGallicum_CaesBG3,0.7693,0.5032,0.4694,3403,0.6756,0.4766,0.4694,299,0.4363,0.279,0.2485,518,0.5155,0.3641,0.332,1259
Cicero discours,1,370694,20696,Catullus_Catullus_Catul,0.8097,0.5046,0.4741,12397,0.7664,0.4882,0.4926,1314,0.4246,0.2825,0.2549,1731,0.5079,0.3567,0.3281,3485
Cicero discours,2,370694,20696,Catullus_Catullus_Catul,0.8244,0.531,0.5054,12397,0.7839,0.4949,0.4994,1314,0.4321,0.2843,0.261,1731,0.5403,0.3831,0.3565,3485
Ciceron petit,1,110859,5508,Catullus_Catullus_Catul,0.7311,0.3719,0.3339,12397,0.7107,0.4548,0.4522,909,0.3606,0.2266,0.1945,2571,0.4113,0.2648,0.229,4607
Ciceron petit,2,110859,5508,Catullus_Catullus_Catul,0.7579,0.4153,0.3816,12397,0.7261,0.4351,0.4382,909,0.3858,0.2498,0.219,2571,0.4613,0.3088,0.2748,4607
Corpus divers,1,372877,19525,Catullus_Catullus_Catul,0.9006,0.691,0.6758,12397,0.8174,0.555,0.551,2125,0.5325,0.3806,0.3645,539,0.6467,0.4997,0.4817,1636
Corpus divers,2,372877,19525,Catullus_Catullus_Catul,0.9093,0.7138,0.7009,12397,0.8329,0.5707,0.5773,2125,0.5399,0.3561,0.3467,539,0.6638,0.5064,0.4916,1636
Horace_lucrece,1,86929,4626,Catullus_Catullus_Catul,0.8116,0.4824,0.4471,12397,0.8179,0.5073,0.501,1691,0.4439,0.2791,0.2589,1140,0.4995,0.3305,0.3002,3133
Horace_lucrece,2,86929,4626,Catullus_Catullus_Catul,0.8244,0.4949,0.4694,12397,0.8084,0.5013,0.4995,1691,0.2939,0.1604,0.1493,1140,0.4864,0.3154,0.2904,3133
Ovide,1,90679,4730,Catullus_Catullus_Catul,0.8036,0.4551,0.423,12397,0.7288,0.4662,0.4589,1180,0.3641,0.2355,0.2149,1420,0.4396,0.295,0.2689,3210
Ovide,2,90679,4730,Catullus_Catullus_Catul,0.8302,0.5065,0.4822,12397,0.7432,0.5385,0.5316,1180,0.3972,0.2537,0.2359,1420,0.4988,0.3389,0.3165,3210
Prose,1,243959,13075,Catullus_Catullus_Catul,0.8278,0.5407,0.5086,12397,0.7835,0.5317,0.5411,1330,0.456,0.3198,0.2869,1375,0.5443,0.3929,0.3591,3180
Prose,2,243959,13075,Catullus_Catullus_Catul,0.8458,0.5764,0.5528,12397,0.7842,0.5295,0.5323,1330,0.448,0.316,0.2916,1375,0.5767,0.4211,0.3962,3180
Seneque lucilium,1,112818,5983,Catullus_Catullus_Catul,0.7637,0.4186,0.384,12397,0.7484,0.4381,0.436,1252,0.3683,0.2427,0.2157,1971,0.4533,0.306,0.2739,4108
Seneque lucilium,2,112818,5983,Catullus_Catullus_Catul,0.7671,0.3961,0.3799,12397,0.7628,0.5041,0.5072,1252,0.2024,0.1074,0.092,1971,0.4236,0.2604,0.242,4108
Seneque philo autres,1,111329,6221,Catullus_Catullus_Catul,0.7854,0.4508,0.4204,12397,0.7305,0.4593,0.4661,1024,0.3826,0.2506,0.2269,1950,0.4835,0.3294,0.3001,3959
Seneque philo autres,2,111329,6221,Catullus_Catullus_Catul,0.7985,0.4791,0.4486,12397,0.7334,0.504,0.501,1024,0.4072,0.2721,0.2435,1950,0.5148,0.3568,0.3261,3959
Tacite,1,111431,6121,Catullus_Catullus_Catul,0.7668,0.4373,0.4017,12397,0.7241,0.4722,0.4552,946,0.3915,0.2602,0.2298,2036,0.466,0.3191,0.2794,4318
Tacite,2,111431,6121,Catullus_Catullus_Catul,0.7864,0.4808,0.4479,12397,0.7051,0.4383,0.445,946,0.389,0.2892,0.2563,2036,0.4951,0.3556,0.3173,4318
Theatre plaute seneque,1,110172,5399,Catullus_Catullus_Catul,0.8206,0.494,0.462,12397,0.8027,0.511,0.4979,1749,0.3994,0.2695,0.242,1272,0.5168,0.3462,0.3151,3210
Theatre plaute seneque,2,110172,5399,Catullus_Catullus_Catul,0.8411,0.5381,0.5097,12397,0.8165,0.5667,0.5709,1749,0.4277,0.2827,0.2573,1272,0.5636,0.3812,0.3522,3210
Vers,1,246514,13203,Catullus_Catullus_Catul,0.8902,0.6463,0.6241,12397,0.8269,0.5673,0.5583,2091,0.5075,0.3348,0.3145,668,0.6003,0.4353,0.4174,1914
Vers,2,246514,13203,Catullus_Catullus_Catul,0.9012,0.6829,0.6712,12397,0.8264,0.5707,0.5798,2091,0.488,0.3269,0.318,668,0.6369,0.4797,0.4685,1914
Virgile,1,82977,4511,Catullus_Catullus_Catul,0.8038,0.4673,0.4344,12397,0.7316,0.506,0.4961,1207,0.4098,0.2453,0.2195,1552,0.4934,0.3121,0.2812,3478
Virgile,2,82977,4511,Catullus_Catullus_Catul,0.8151,0.4928,0.4646,12397,0.7647,0.5182,0.5342,1207,0.3821,0.25,0.2247,1552,0.5101,0.3386,0.3115,3478
Cicero discours,1,370694,20696,Cicero_DeAmicitia_CicAmici,0.9614,0.8152,0.8061,8735,0.895,0.7111,0.7038,1257,0.5469,0.3503,0.3455,128,0.7937,0.621,0.6137,664
Cicero discours,2,370694,20696,Cicero_DeAmicitia_CicAmici,0.9624,0.8312,0.8258,8735,0.8902,0.6834,0.6902,1257,0.5469,0.3782,0.3707,128,0.8087,0.6618,0.6574,664
Ciceron petit,1,110859,5508,Cicero_DeAmicitia_CicAmici,0.9054,0.6024,0.5741,8735,0.8245,0.5848,0.6005,872,0.451,0.2906,0.2675,357,0.6044,0.4005,0.3692,1355
Ciceron petit,2,110859,5508,Cicero_DeAmicitia_CicAmici,0.9199,0.6466,0.6263,8735,0.8188,0.5111,0.5311,872,0.5098,0.3294,0.3106,357,0.6576,0.4501,0.4256,1355
Corpus divers,1,372877,19525,Cicero_DeAmicitia_CicAmici,0.9463,0.7878,0.7773,8735,0.8775,0.6114,0.5935,1771,0.6144,0.451,0.4443,153,0.7969,0.6465,0.6346,827
Corpus divers,2,372877,19525,Cicero_DeAmicitia_CicAmici,0.9501,0.8162,0.809,8735,0.8713,0.6044,0.5987,1771,0.6275,0.4667,0.46,153,0.8259,0.6919,0.68,827
Horace_lucrece,1,86929,4626,Cicero_DeAmicitia_CicAmici,0.8335,0.4719,0.4321,8735,0.8382,0.5395,0.5127,1533,0.3832,0.2383,0.2032,702,0.4945,0.3308,0.2841,1986
Horace_lucrece,2,86929,4626,Cicero_DeAmicitia_CicAmici,0.8379,0.4539,0.4262,8735,0.8598,0.5317,0.5226,1533,0.1838,0.1117,0.0932,702,0.4446,0.2828,0.2499,1986
Ovide,1,90679,4730,Cicero_DeAmicitia_CicAmici,0.799,0.423,0.3884,8735,0.7528,0.4888,0.4896,906,0.3748,0.2391,0.2003,1070,0.4343,0.293,0.2514,2427
Ovide,2,90679,4730,Cicero_DeAmicitia_CicAmici,0.8262,0.4793,0.4462,8735,0.7759,0.5806,0.5751,906,0.3766,0.2477,0.2111,1070,0.501,0.3437,0.303,2427
Prose,1,243959,13075,Cicero_DeAmicitia_CicAmici,0.9402,0.7537,0.7396,8735,0.8524,0.5964,0.5899,1267,0.5538,0.3447,0.3318,186,0.7679,0.6072,0.5928,935
Prose,2,243959,13075,Cicero_DeAmicitia_CicAmici,0.9523,0.8029,0.7955,8735,0.8603,0.6281,0.6266,1267,0.6183,0.4211,0.4059,186,0.8118,0.6646,0.6524,935
Seneque lucilium,1,112818,5983,Cicero_DeAmicitia_CicAmici,0.899,0.5953,0.5684,8735,0.8342,0.5579,0.5567,1152,0.455,0.2909,0.2744,422,0.6065,0.4287,0.3993,1385
Seneque lucilium,2,112818,5983,Cicero_DeAmicitia_CicAmici,0.9031,0.6143,0.5986,8735,0.822,0.5045,0.4894,1152,0.2559,0.1529,0.1368,422,0.6014,0.4304,0.4102,1385
Seneque philo autres,1,111329,6221,Cicero_DeAmicitia_CicAmici,0.9094,0.6354,0.6128,8735,0.8126,0.5475,0.5305,1030,0.443,0.2975,0.2793,377,0.6408,0.4621,0.4337,1353
Seneque philo autres,2,111329,6221,Cicero_DeAmicitia_CicAmici,0.9162,0.6539,0.6299,8735,0.8175,0.5709,0.5733,1030,0.4828,0.3235,0.2984,377,0.663,0.4755,0.4486,1353
Tacite,1,111431,6121,Cicero_DeAmicitia_CicAmici,0.9046,0.6356,0.6105,8735,0.8047,0.5701,0.5545,927,0.4932,0.3444,0.3293,367,0.6776,0.4893,0.4547,1582
Tacite,2,111431,6121,Cicero_DeAmicitia_CicAmici,0.9226,0.6955,0.6772,8735,0.7961,0.5613,0.5555,927,0.5014,0.3506,0.3365,367,0.737,0.5565,0.5268,1582
Theatre plaute seneque,1,110172,5399,Cicero_DeAmicitia_CicAmici,0.8454,0.4873,0.4514,8735,0.8521,0.524,0.5193,1447,0.4008,0.2549,0.2161,746,0.5455,0.3527,0.3108,2112
Theatre plaute seneque,2,110172,5399,Cicero_DeAmicitia_CicAmici,0.8732,0.5545,0.5227,8735,0.8431,0.5176,0.5279,1447,0.5,0.3239,0.2893,746,0.6288,0.4181,0.3833,2112
Vers,1,246514,13203,Cicero_DeAmicitia_CicAmici,0.894,0.6386,0.6136,8735,0.8685,0.5875,0.5623,1741,0.4861,0.3547,0.3175,574,0.6538,0.5123,0.4768,1632
Vers,2,246514,13203,Cicero_DeAmicitia_CicAmici,0.8977,0.6561,0.6358,8735,0.8731,0.58,0.5782,1741,0.4895,0.3265,0.295,574,0.6526,0.5053,0.4796,1632
Virgile,1,82977,4511,Cicero_DeAmicitia_CicAmici,0.7763,0.4085,0.3685,8735,0.76,0.4691,0.4606,1029,0.3563,0.2391,0.1988,1260,0.4323,0.2913,0.2476,2644
Virgile,2,82977,4511,Cicero_DeAmicitia_CicAmici,0.7825,0.4322,0.3965,8735,0.76,0.4857,0.4526,1029,0.3357,0.2246,0.1944,1260,0.4546,0.3126,0.2765,2644
Cicero discours,1,370694,20696,Cicero_InCatilinam_CicCat1,0.9677,0.8833,0.8826,3095,0.8726,0.7005,0.7109,424,0.5,0.3125,0.3125,12,0.8232,0.679,0.6776,181
Cicero discours,2,370694,20696,Cicero_InCatilinam_CicCat1,0.9693,0.8951,0.8937,3095,0.875,0.6868,0.7071,424,0.5833,0.4,0.3667,12,0.8453,0.7194,0.7111,181
Ciceron petit,1,110859,5508,Cicero_InCatilinam_CicCat1,0.905,0.6902,0.6685,3095,0.7886,0.604,0.621,317,0.4744,0.2885,0.27,78,0.6061,0.4336,0.4089,429
Ciceron petit,2,110859,5508,Cicero_InCatilinam_CicCat1,0.9244,0.739,0.7234,3095,0.8076,0.6281,0.6164,317,0.4231,0.2547,0.2382,78,0.6667,0.4942,0.4712,429
Corpus divers,1,372877,19525,Cicero_InCatilinam_CicCat1,0.9409,0.8285,0.8195,3095,0.8393,0.6913,0.6815,560,0.4848,0.3143,0.3143,33,0.8154,0.6791,0.6658,325
Corpus divers,2,372877,19525,Cicero_InCatilinam_CicCat1,0.9512,0.8547,0.8474,3095,0.8571,0.7042,0.7055,560,0.6061,0.3714,0.3514,33,0.8462,0.7294,0.7104,325
Horace_lucrece,1,86929,4626,Cicero_InCatilinam_CicCat1,0.8058,0.5098,0.4782,3095,0.8036,0.5883,0.5771,448,0.3449,0.2179,0.1929,287,0.4707,0.3176,0.2847,852
Horace_lucrece,2,86929,4626,Cicero_InCatilinam_CicCat1,0.8103,0.5129,0.4834,3095,0.8393,0.6394,0.6316,448,0.1324,0.1003,0.0765,287,0.4354,0.3081,0.2736,852
Ovide,1,90679,4730,Cicero_InCatilinam_CicCat1,0.7677,0.4654,0.4291,3095,0.7319,0.5485,0.5341,332,0.3358,0.225,0.2021,405,0.4034,0.2768,0.2458,947
Ovide,2,90679,4730,Cicero_InCatilinam_CicCat1,0.8013,0.5304,0.5007,3095,0.738,0.5572,0.5496,332,0.3506,0.2328,0.2123,405,0.4752,0.3491,0.3158,947
Prose,1,243959,13075,Cicero_InCatilinam_CicCat1,0.9312,0.7868,0.773,3095,0.8217,0.6003,0.6039,443,0.4194,0.3077,0.2949,31,0.7598,0.6187,0.5939,358
Prose,2,243959,13075,Cicero_InCatilinam_CicCat1,0.9441,0.8252,0.8142,3095,0.8375,0.6488,0.6478,443,0.6129,0.4706,0.4706,31,0.7737,0.649,0.6211,358
Seneque lucilium,1,112818,5983,Cicero_InCatilinam_CicCat1,0.8662,0.5963,0.5736,3095,0.7865,0.5653,0.5561,370,0.4444,0.2591,0.2388,171,0.5674,0.3887,0.3599,638
Seneque lucilium,2,112818,5983,Cicero_InCatilinam_CicCat1,0.874,0.6226,0.6147,3095,0.7703,0.5885,0.5777,370,0.2222,0.1279,0.1117,171,0.5846,0.4076,0.3901,638
Seneque philo autres,1,111329,6221,Cicero_InCatilinam_CicCat1,0.8876,0.6596,0.6384,3095,0.7327,0.5081,0.5054,318,0.4219,0.2454,0.2362,128,0.633,0.4494,0.4243,575
Seneque philo autres,2,111329,6221,Cicero_InCatilinam_CicCat1,0.8931,0.6806,0.6606,3095,0.7264,0.5474,0.557,318,0.4766,0.3167,0.3033,128,0.6522,0.4793,0.451,575
Tacite,1,111431,6121,Cicero_InCatilinam_CicCat1,0.8817,0.6425,0.6127,3095,0.7607,0.5675,0.5538,305,0.4034,0.2662,0.2405,119,0.6205,0.4518,0.4094,643
Tacite,2,111431,6121,Cicero_InCatilinam_CicCat1,0.9002,0.7008,0.6774,3095,0.7541,0.567,0.5682,305,0.4706,0.3357,0.3133,119,0.6812,0.5145,0.4785,643
Theatre plaute seneque,1,110172,5399,Cicero_InCatilinam_CicCat1,0.8404,0.5738,0.5452,3095,0.8524,0.6094,0.5938,481,0.4394,0.2854,0.2585,289,0.5431,0.382,0.3567,777
Theatre plaute seneque,2,110172,5399,Cicero_InCatilinam_CicCat1,0.8572,0.6092,0.5827,3095,0.842,0.6059,0.6,481,0.4637,0.3096,0.2751,289,0.5753,0.4122,0.3821,777
Vers,1,246514,13203,Cicero_InCatilinam_CicCat1,0.8679,0.672,0.6479,3095,0.8075,0.6608,0.6361,530,0.393,0.2899,0.2793,201,0.5928,0.4728,0.441,663
Vers,2,246514,13203,Cicero_InCatilinam_CicCat1,0.8737,0.6848,0.6651,3095,0.8075,0.5951,0.5807,530,0.3731,0.2912,0.2819,201,0.6214,0.5037,0.4794,663
Virgile,1,82977,4511,Cicero_InCatilinam_CicCat1,0.7729,0.4683,0.4337,3095,0.7112,0.5133,0.4835,322,0.3101,0.2091,0.1805,416,0.4321,0.2909,0.2533,965
Virgile,2,82977,4511,Cicero_InCatilinam_CicCat1,0.7884,0.4932,0.4637,3095,0.7484,0.5211,0.53,322,0.3053,0.2106,0.1926,416,0.4591,0.3164,0.2858,965
Cicero discours,1,370694,20696,Curtius_CurtiusHistoriaeAlexandriMagni_QCurt03,0.8808,0.6467,0.6309,6776,0.8224,0.5683,0.5739,704,0.4608,0.3148,0.2904,549,0.6362,0.4687,0.4494,1399
Cicero discours,2,370694,20696,Curtius_CurtiusHistoriaeAlexandriMagni_QCurt03,0.8934,0.6934,0.6797,6776,0.8097,0.595,0.6021,704,0.4444,0.3187,0.3013,549,0.6497,0.506,0.4854,1399
Ciceron petit,1,110859,5508,Curtius_CurtiusHistoriaeAlexandriMagni_QCurt03,0.7986,0.478,0.4462,6776,0.8023,0.5819,0.5921,531,0.3922,0.2525,0.2243,946,0.477,0.3097,0.2785,2065
Ciceron petit,2,110859,5508,Curtius_CurtiusHistoriaeAlexandriMagni_QCurt03,0.8247,0.5174,0.4945,6776,0.8098,0.5367,0.5477,531,0.4154,0.2699,0.2466,946,0.5245,0.3466,0.3215,2065
Corpus divers,1,372877,19525,Curtius_CurtiusHistoriaeAlexandriMagni_QCurt03,0.9568,0.846,0.8392,6776,0.8853,0.6661,0.6604,1125,0.4706,0.3065,0.3118,68,0.7854,0.6476,0.635,494
Corpus divers,2,372877,19525,Curtius_CurtiusHistoriaeAlexandriMagni_QCurt03,0.9575,0.8706,0.8654,6776,0.8782,0.6736,0.6764,1125,0.4706,0.3098,0.3098,68,0.8178,0.6939,0.6889,494
Horace_lucrece,1,86929,4626,Curtius_CurtiusHistoriaeAlexandriMagni_QCurt03,0.7804,0.4687,0.4331,6776,0.7915,0.4838,0.4905,849,0.3675,0.2095,0.1746,732,0.4861,0.3202,0.2808,2127
Horace_lucrece,2,86929,4626,Curtius_CurtiusHistoriaeAlexandriMagni_QCurt03,0.7975,0.4694,0.4431,6776,0.8457,0.507,0.5181,849,0.2432,0.1169,0.0993,732,0.4701,0.2955,0.2667,2127
Ovide,1,90679,4730,Curtius_CurtiusHistoriaeAlexandriMagni_QCurt03,0.7485,0.4349,0.4018,6776,0.7197,0.4475,0.4503,578,0.3465,0.2216,0.1968,1039,0.4544,0.301,0.2689,2500
Ovide,2,90679,4730,Curtius_CurtiusHistoriaeAlexandriMagni_QCurt03,0.7916,0.5126,0.483,6776,0.7526,0.5452,0.5427,578,0.3802,0.253,0.221,1039,0.5308,0.3716,0.3411,2500
Prose,1,243959,13075,Curtius_CurtiusHistoriaeAlexandriMagni_QCurt03,0.9548,0.8289,0.82,6776,0.8865,0.6932,0.7015,846,0.4898,0.3008,0.3001,98,0.7882,0.6402,0.631,576
Prose,2,243959,13075,Curtius_CurtiusHistoriaeAlexandriMagni_QCurt03,0.9602,0.8605,0.8577,6776,0.8712,0.6893,0.7038,846,0.4286,0.2863,0.2882,98,0.7951,0.6555,0.6519,576
Seneque lucilium,1,112818,5983,Curtius_CurtiusHistoriaeAlexandriMagni_QCurt03,0.8328,0.5623,0.531,6776,0.7765,0.576,0.5644,604,0.4045,0.2591,0.2267,539,0.5568,0.4044,0.3708,1859
Seneque lucilium,2,112818,5983,Curtius_CurtiusHistoriaeAlexandriMagni_QCurt03,0.8461,0.5672,0.5508,6776,0.7748,0.5565,0.5399,604,0.2523,0.1372,0.1281,539,0.5734,0.3875,0.3724,1859
Seneque philo autres,1,111329,6221,Curtius_CurtiusHistoriaeAlexandriMagni_QCurt03,0.8535,0.5729,0.5487,6776,0.7907,0.586,0.5614,578,0.3591,0.2385,0.22,465,0.5771,0.3941,0.3692,1660
Seneque philo autres,2,111329,6221,Curtius_CurtiusHistoriaeAlexandriMagni_QCurt03,0.8653,0.6186,0.5966,6776,0.782,0.5842,0.5801,578,0.3656,0.2446,0.2356,465,0.6247,0.4564,0.4343,1660
Tacite,1,111431,6121,Curtius_CurtiusHistoriaeAlexandriMagni_QCurt03,0.8951,0.6628,0.6433,6776,0.8145,0.6149,0.6046,620,0.4518,0.2934,0.2795,394,0.6388,0.4494,0.428,1329
Tacite,2,111431,6121,Curtius_CurtiusHistoriaeAlexandriMagni_QCurt03,0.9119,0.7207,0.705,6776,0.8048,0.5825,0.5817,620,0.467,0.3177,0.2997,394,0.7005,0.5349,0.5121,1329
Theatre plaute seneque,1,110172,5399,Curtius_CurtiusHistoriaeAlexandriMagni_QCurt03,0.8098,0.5132,0.4755,6776,0.8156,0.5148,0.4879,835,0.3853,0.2567,0.2254,641,0.5329,0.3724,0.3348,2049
Theatre plaute seneque,2,110172,5399,Curtius_CurtiusHistoriaeAlexandriMagni_QCurt03,0.8387,0.5739,0.5446,6776,0.8299,0.5099,0.4913,835,0.4337,0.3075,0.2786,641,0.5837,0.4225,0.3892,2049
Vers,1,246514,13203,Curtius_CurtiusHistoriaeAlexandriMagni_QCurt03,0.8695,0.6396,0.6142,6776,0.8315,0.5384,0.5365,1021,0.5029,0.31,0.2749,517,0.6503,0.4817,0.4495,1650
Vers,2,246514,13203,Curtius_CurtiusHistoriaeAlexandriMagni_QCurt03,0.8849,0.6773,0.6571,6776,0.8482,0.6177,0.6219,1021,0.5087,0.2856,0.2628,517,0.6855,0.5165,0.4907,1650
Virgile,1,82977,4511,Curtius_CurtiusHistoriaeAlexandriMagni_QCurt03,0.7715,0.4589,0.4218,6776,0.7213,0.443,0.4495,549,0.3825,0.2114,0.1832,949,0.4745,0.3091,0.2736,2356
Virgile,2,82977,4511,Curtius_CurtiusHistoriaeAlexandriMagni_QCurt03,0.7957,0.5053,0.4752,6776,0.7486,0.4584,0.472,549,0.4194,0.2367,0.212,949,0.5301,0.3558,0.3302,2356
Cicero discours,1,370694,20696,Horatius_Epodi_HorEpodi,0.7876,0.5304,0.5144,2896,0.7598,0.5542,0.5278,179,0.4302,0.2908,0.2789,437,0.5156,0.3567,0.3388,993
Cicero discours,2,370694,20696,Horatius_Epodi_HorEpodi,0.8015,0.5568,0.5416,2896,0.6927,0.5256,0.5232,179,0.4348,0.286,0.2765,437,0.5509,0.3826,0.3663,993
Ciceron petit,1,110859,5508,Horatius_Epodi_HorEpodi,0.6948,0.404,0.382,2896,0.6452,0.449,0.4591,124,0.3424,0.2178,0.2014,698,0.4092,0.2619,0.2441,1310
Ciceron petit,2,110859,5508,Horatius_Epodi_HorEpodi,0.7213,0.4414,0.4209,2896,0.7177,0.4857,0.4837,124,0.4026,0.257,0.245,698,0.4534,0.3017,0.2831,1310
Corpus divers,1,372877,19525,Horatius_Epodi_HorEpodi,0.9099,0.7555,0.7505,2896,0.829,0.6323,0.6236,421,0.4783,0.2963,0.2926,92,0.6872,0.5157,0.515,390
Corpus divers,2,372877,19525,Horatius_Epodi_HorEpodi,0.9247,0.7903,0.7897,2896,0.8527,0.6724,0.6704,421,0.5761,0.381,0.381,92,0.7487,0.5925,0.5936,390
Horace_lucrece,1,86929,4626,Horatius_Epodi_HorEpodi,0.8052,0.546,0.5285,2896,0.7727,0.5097,0.4886,308,0.3668,0.2194,0.2177,199,0.5034,0.3381,0.3273,725
Horace_lucrece,2,86929,4626,Horatius_Epodi_HorEpodi,0.8401,0.5978,0.5868,2896,0.8344,0.5679,0.563,308,0.2864,0.1656,0.1641,199,0.5241,0.3563,0.3454,725
Ovide,1,90679,4730,Horatius_Epodi_HorEpodi,0.8039,0.535,0.5164,2896,0.7524,0.5572,0.5398,206,0.3846,0.2357,0.2306,325,0.4838,0.3186,0.3092,835
Ovide,2,90679,4730,Horatius_Epodi_HorEpodi,0.8391,0.5997,0.587,2896,0.7767,0.6093,0.6108,206,0.4462,0.2819,0.2793,325,0.5569,0.3838,0.3747,835
Prose,1,243959,13075,Horatius_Epodi_HorEpodi,0.8363,0.6088,0.5959,2896,0.8086,0.5997,0.6075,256,0.4436,0.2857,0.2809,266,0.5884,0.4231,0.4103,809
Prose,2,243959,13075,Horatius_Epodi_HorEpodi,0.8536,0.6382,0.6244,2896,0.7969,0.5839,0.596,256,0.4662,0.3063,0.2976,266,0.6131,0.4463,0.4306,809
Seneque lucilium,1,112818,5983,Horatius_Epodi_HorEpodi,0.7645,0.4887,0.4714,2896,0.6952,0.4255,0.4039,210,0.3951,0.2549,0.2443,410,0.4896,0.3275,0.3134,1007
Seneque lucilium,2,112818,5983,Horatius_Epodi_HorEpodi,0.7669,0.4756,0.4666,2896,0.7286,0.5389,0.529,210,0.161,0.0869,0.0831,410,0.4409,0.2788,0.2669,1007
Seneque philo autres,1,111329,6221,Horatius_Epodi_HorEpodi,0.779,0.5154,0.4951,2896,0.6905,0.5196,0.5012,168,0.3813,0.256,0.2459,438,0.494,0.3428,0.3254,1006
Seneque philo autres,2,111329,6221,Horatius_Epodi_HorEpodi,0.7904,0.5281,0.5134,2896,0.7619,0.5233,0.5124,168,0.3836,0.2556,0.2459,438,0.5169,0.3579,0.343,1006
Tacite,1,111431,6121,Horatius_Epodi_HorEpodi,0.769,0.5155,0.4941,2896,0.7208,0.5255,0.5278,154,0.3936,0.2554,0.2413,470,0.5004,0.3446,0.324,1129
Tacite,2,111431,6121,Horatius_Epodi_HorEpodi,0.8056,0.5645,0.5496,2896,0.7078,0.4908,0.4919,154,0.4532,0.2989,0.2948,470,0.574,0.4072,0.3896,1129
Theatre plaute seneque,1,110172,5399,Horatius_Epodi_HorEpodi,0.8056,0.5424,0.5259,2896,0.8154,0.5827,0.5871,298,0.4106,0.2682,0.2568,302,0.4976,0.3291,0.3193,834
Theatre plaute seneque,2,110172,5399,Horatius_Epodi_HorEpodi,0.828,0.5797,0.5675,2896,0.8456,0.6232,0.6356,298,0.4503,0.2748,0.2721,302,0.5468,0.371,0.3617,834
Vers,1,246514,13203,Horatius_Epodi_HorEpodi,0.8864,0.7003,0.6893,2896,0.855,0.6346,0.6256,400,0.4733,0.3089,0.301,131,0.627,0.4655,0.4585,496
Vers,2,246514,13203,Horatius_Epodi_HorEpodi,0.8964,0.7232,0.7183,2896,0.8475,0.6399,0.6465,400,0.458,0.3037,0.2984,131,0.6452,0.4745,0.4724,496
Virgile,1,82977,4511,Horatius_Epodi_HorEpodi,0.7925,0.5225,0.5035,2896,0.6897,0.475,0.4539,203,0.3808,0.226,0.2244,344,0.4847,0.3132,0.3022,885
Virgile,2,82977,4511,Horatius_Epodi_HorEpodi,0.8153,0.5644,0.5485,2896,0.7537,0.5892,0.5797,203,0.4012,0.249,0.2459,344,0.5333,0.3616,0.3522,885
Cicero discours,1,370694,20696,Ovidius_InIbin_OviIbin,0.8006,0.4939,0.4727,4007,0.7666,0.4048,0.4064,497,0.3612,0.2297,0.2151,515,0.4834,0.3216,0.3018,1115
Cicero discours,2,370694,20696,Ovidius_InIbin_OviIbin,0.8246,0.5302,0.5154,4007,0.7847,0.3911,0.3913,497,0.3922,0.2532,0.2414,515,0.5417,0.3722,0.3524,1115
Ciceron petit,1,110859,5508,Ovidius_InIbin_OviIbin,0.7295,0.383,0.3557,4007,0.7972,0.4767,0.4417,360,0.325,0.2081,0.1854,800,0.3818,0.2453,0.2182,1485
Ciceron petit,2,110859,5508,Ovidius_InIbin_OviIbin,0.7489,0.4127,0.3884,4007,0.8083,0.4491,0.4434,360,0.3463,0.2229,0.2019,800,0.4249,0.2743,0.2507,1485
Corpus divers,1,372877,19525,Ovidius_InIbin_OviIbin,0.9239,0.7803,0.7716,4007,0.8134,0.5546,0.537,777,0.5446,0.3789,0.3758,112,0.741,0.577,0.574,390
Corpus divers,2,372877,19525,Ovidius_InIbin_OviIbin,0.9366,0.803,0.7968,4007,0.861,0.6022,0.5999,777,0.5089,0.3476,0.3445,112,0.7385,0.5831,0.5794,390
Horace_lucrece,1,86929,4626,Ovidius_InIbin_OviIbin,0.8268,0.5378,0.5138,4007,0.8321,0.4184,0.4156,667,0.3424,0.2058,0.1967,295,0.4945,0.3231,0.3044,902
Horace_lucrece,2,86929,4626,Ovidius_InIbin_OviIbin,0.8478,0.5707,0.552,4007,0.8516,0.4724,0.4689,667,0.2915,0.1649,0.1603,295,0.5222,0.3386,0.3238,902
Ovide,1,90679,4730,Ovidius_InIbin_OviIbin,0.8812,0.6394,0.621,4007,0.8292,0.5947,0.5933,445,0.4813,0.3257,0.3257,214,0.55,0.3712,0.3628,660
Ovide,2,90679,4730,Ovidius_InIbin_OviIbin,0.9027,0.6945,0.6837,4007,0.818,0.5937,0.5814,445,0.472,0.3127,0.3084,214,0.6136,0.4246,0.4202,660
Prose,1,243959,13075,Ovidius_InIbin_OviIbin,0.8488,0.5811,0.5609,4007,0.798,0.523,0.5225,510,0.3897,0.25,0.2403,349,0.5735,0.3971,0.381,912
Prose,2,243959,13075,Ovidius_InIbin_OviIbin,0.873,0.6244,0.6107,4007,0.8216,0.5085,0.4931,510,0.4585,0.3048,0.2951,349,0.6316,0.4501,0.4354,912
Seneque lucilium,1,112818,5983,Ovidius_InIbin_OviIbin,0.7871,0.4672,0.4429,4007,0.7733,0.479,0.4384,472,0.3414,0.2116,0.1959,498,0.4803,0.3087,0.286,1168
Seneque lucilium,2,112818,5983,Ovidius_InIbin_OviIbin,0.8018,0.4646,0.4501,4007,0.8178,0.5893,0.559,472,0.1486,0.0822,0.0769,498,0.4589,0.2712,0.2602,1168
Seneque philo autres,1,111329,6221,Ovidius_InIbin_OviIbin,0.8053,0.4874,0.4618,4007,0.7587,0.4496,0.4398,402,0.3441,0.2149,0.1952,494,0.4709,0.3056,0.2815,1098
Seneque philo autres,2,111329,6221,Ovidius_InIbin_OviIbin,0.8241,0.5205,0.498,4007,0.7836,0.52,0.4942,402,0.3765,0.2201,0.2074,494,0.5173,0.3395,0.3206,1098
Tacite,1,111431,6121,Ovidius_InIbin_OviIbin,0.8008,0.488,0.4644,4007,0.8194,0.4482,0.433,371,0.4151,0.2567,0.2424,530,0.5158,0.3426,0.3182,1262
Tacite,2,111431,6121,Ovidius_InIbin_OviIbin,0.836,0.5522,0.5322,4007,0.7925,0.4212,0.3987,371,0.4623,0.3027,0.2847,530,0.5927,0.4066,0.3825,1262
Theatre plaute seneque,1,110172,5399,Ovidius_InIbin_OviIbin,0.8585,0.5821,0.5647,4007,0.824,0.5409,0.5294,608,0.4021,0.2482,0.2428,281,0.5514,0.3602,0.3503,827
Theatre plaute seneque,2,110172,5399,Ovidius_InIbin_OviIbin,0.8657,0.5939,0.5795,4007,0.8388,0.5431,0.5367,608,0.395,0.244,0.2403,281,0.5611,0.37,0.3645,827
Vers,1,246514,13203,Ovidius_InIbin_OviIbin,0.9314,0.7769,0.7696,4007,0.8788,0.6317,0.6243,850,0.6068,0.441,0.441,117,0.7103,0.5372,0.5332,397
Vers,2,246514,13203,Ovidius_InIbin_OviIbin,0.9376,0.8011,0.7947,4007,0.8729,0.5857,0.5853,850,0.5556,0.3892,0.3892,117,0.7456,0.5848,0.5811,397
Virgile,1,82977,4511,Ovidius_InIbin_OviIbin,0.8355,0.5582,0.535,4007,0.7309,0.4713,0.4482,446,0.3537,0.2188,0.211,294,0.5133,0.3367,0.3155,904
Virgile,2,82977,4511,Ovidius_InIbin_OviIbin,0.861,0.5975,0.5789,4007,0.8139,0.5413,0.5187,446,0.3707,0.2406,0.2313,294,0.5697,0.3794,0.3619,904
Cicero discours,1,370694,20696,Petronius_PetroniusSatiricon_PetronSa,0.8643,0.5153,0.4825,29114,0.8243,0.5706,0.5609,2419,0.4342,0.2877,0.2565,3167,0.5751,0.3973,0.3609,6992
Cicero discours,2,370694,20696,Petronius_PetroniusSatiricon_PetronSa,0.8743,0.5468,0.515,29114,0.8189,0.5394,0.544,2419,0.4531,0.3169,0.284,3167,0.604,0.4317,0.3945,6992
Ciceron petit,1,110859,5508,Petronius_PetroniusSatiricon_PetronSa,0.7947,0.3863,0.3409,29114,0.7793,0.4817,0.4866,1722,0.3997,0.2624,0.2219,4849,0.475,0.3045,0.2572,9554
Ciceron petit,2,110859,5508,Petronius_PetroniusSatiricon_PetronSa,0.8118,0.4131,0.3733,29114,0.7834,0.5163,0.5186,1722,0.3978,0.2593,0.2227,4849,0.5051,0.3247,0.2821,9554
Corpus divers,1,372877,19525,Petronius_PetroniusSatiricon_PetronSa,0.9176,0.6751,0.6553,29114,0.8639,0.6085,0.6111,4180,0.474,0.321,0.2993,1443,0.7017,0.5271,0.5049,4392
Corpus divers,2,372877,19525,Petronius_PetroniusSatiricon_PetronSa,0.9228,0.6917,0.6769,29114,0.8758,0.6003,0.6046,4180,0.4574,0.3099,0.2907,1443,0.7147,0.5537,0.5337,4392
Horace_lucrece,1,86929,4626,Petronius_PetroniusSatiricon_PetronSa,0.7962,0.4013,0.3545,29114,0.8464,0.4932,0.5002,3216,0.4097,0.2695,0.2367,3268,0.4919,0.3103,0.2646,8974
Horace_lucrece,2,86929,4626,Petronius_PetroniusSatiricon_PetronSa,0.8037,0.3743,0.3395,29114,0.8685,0.5458,0.5545,3216,0.2127,0.134,0.1121,3268,0.4609,0.2614,0.2262,8974
Ovide,1,90679,4730,Petronius_PetroniusSatiricon_PetronSa,0.7876,0.3871,0.3384,29114,0.7583,0.4703,0.4433,2069,0.3757,0.2512,0.2116,4240,0.4663,0.297,0.2485,9442
Ovide,2,90679,4730,Petronius_PetroniusSatiricon_PetronSa,0.8191,0.4348,0.3951,29114,0.7801,0.5502,0.5506,2069,0.4,0.2555,0.2209,4240,0.5298,0.3349,0.295,9442
Prose,1,243959,13075,Petronius_PetroniusSatiricon_PetronSa,0.8795,0.5596,0.5259,29114,0.8319,0.5632,0.5539,2873,0.4653,0.3254,0.2925,2362,0.6272,0.4429,0.4074,6283
Prose,2,243959,13075,Petronius_PetroniusSatiricon_PetronSa,0.8983,0.6106,0.5848,29114,0.8434,0.6116,0.6109,2873,0.4869,0.347,0.3187,2362,0.6693,0.4914,0.4598,6283
Seneque lucilium,1,112818,5983,Petronius_PetroniusSatiricon_PetronSa,0.8381,0.4454,0.4028,29114,0.8104,0.4774,0.4628,2490,0.4028,0.2627,0.2326,2922,0.5454,0.3523,0.3106,7833
Seneque lucilium,2,112818,5983,Petronius_PetroniusSatiricon_PetronSa,0.8418,0.4194,0.398,29114,0.8217,0.5464,0.5437,2490,0.2012,0.1169,0.103,2922,0.516,0.3048,0.2818,7833
Seneque philo autres,1,111329,6221,Petronius_PetroniusSatiricon_PetronSa,0.8469,0.4593,0.4214,29114,0.8059,0.5449,0.5453,2153,0.3985,0.2601,0.2328,3192,0.5551,0.3588,0.3203,7698
Seneque philo autres,2,111329,6221,Petronius_PetroniusSatiricon_PetronSa,0.8586,0.4824,0.4457,29114,0.7915,0.5313,0.5334,2153,0.4217,0.2712,0.2435,3192,0.5886,0.3834,0.347,7698
Tacite,1,111431,6121,Petronius_PetroniusSatiricon_PetronSa,0.8183,0.4448,0.4035,29114,0.755,0.449,0.4493,2000,0.4225,0.283,0.2444,4083,0.5441,0.3529,0.3063,9299
Tacite,2,111431,6121,Petronius_PetroniusSatiricon_PetronSa,0.8389,0.4953,0.4589,29114,0.755,0.4707,0.4751,2000,0.4352,0.3067,0.2688,4083,0.5835,0.3966,0.3536,9299
Theatre plaute seneque,1,110172,5399,Petronius_PetroniusSatiricon_PetronSa,0.8281,0.436,0.3905,29114,0.8538,0.5476,0.5405,3454,0.4197,0.2669,0.233,3374,0.5353,0.3332,0.2903,8296
Theatre plaute seneque,2,110172,5399,Petronius_PetroniusSatiricon_PetronSa,0.8499,0.4863,0.447,29114,0.8578,0.5307,0.5313,3454,0.4763,0.3195,0.2844,3374,0.584,0.3852,0.3421,8296
Vers,1,246514,13203,Petronius_PetroniusSatiricon_PetronSa,0.8785,0.5687,0.5355,29114,0.8517,0.5771,0.5746,3903,0.4572,0.3144,0.287,2397,0.6206,0.4404,0.4063,6511
Vers,2,246514,13203,Petronius_PetroniusSatiricon_PetronSa,0.8897,0.5985,0.5736,29114,0.8545,0.5425,0.5519,3903,0.4689,0.3222,0.2974,2397,0.653,0.4737,0.4464,6511
Virgile,1,82977,4511,Petronius_PetroniusSatiricon_PetronSa,0.781,0.3897,0.3457,29114,0.7472,0.4897,0.494,2136,0.4014,0.2481,0.2094,4816,0.4931,0.2987,0.2532,10243
Virgile,2,82977,4511,Petronius_PetroniusSatiricon_PetronSa,0.7976,0.418,0.3767,29114,0.7636,0.5306,0.5431,2136,0.4203,0.2566,0.2219,4816,0.5284,0.3236,0.2818,10243
Cicero discours,1,370694,20696,PseudoCaesar1_BellumAfricanum_BAfr,0.9227,0.6891,0.6698,12634,0.8341,0.6151,0.6069,1350,0.5367,0.3322,0.3088,572,0.6774,0.4982,0.4733,1733
Cicero discours,2,370694,20696,PseudoCaesar1_BellumAfricanum_BAfr,0.9234,0.7191,0.7037,12634,0.8178,0.6139,0.6089,1350,0.4755,0.3339,0.3072,572,0.6763,0.5394,0.518,1733
Ciceron petit,1,110859,5508,PseudoCaesar1_BellumAfricanum_BAfr,0.854,0.5166,0.4808,12634,0.771,0.5364,0.5369,1013,0.4006,0.2593,0.2255,1283,0.5346,0.3577,0.3175,2920
Ciceron petit,2,110859,5508,PseudoCaesar1_BellumAfricanum_BAfr,0.8728,0.576,0.5509,12634,0.7789,0.5366,0.5402,1013,0.4263,0.285,0.2551,1283,0.586,0.4205,0.385,2920
Corpus divers,1,372877,19525,PseudoCaesar1_BellumAfricanum_BAfr,0.9444,0.7801,0.7693,12634,0.8436,0.5989,0.5872,1950,0.5399,0.3607,0.3341,376,0.7887,0.6379,0.6269,1164
Corpus divers,2,372877,19525,PseudoCaesar1_BellumAfricanum_BAfr,0.9486,0.7923,0.784,12634,0.8605,0.6049,0.5973,1950,0.5585,0.3613,0.3492,376,0.7861,0.6455,0.6344,1164
Horace_lucrece,1,86929,4626,PseudoCaesar1_BellumAfricanum_BAfr,0.7588,0.4163,0.3701,12634,0.8027,0.4785,0.4793,1541,0.3704,0.2293,0.1913,1709,0.4424,0.3008,0.2488,4211
Horace_lucrece,2,86929,4626,PseudoCaesar1_BellumAfricanum_BAfr,0.7781,0.4054,0.3753,12634,0.8332,0.5008,0.53,1541,0.23,0.1181,0.0992,1709,0.4348,0.2687,0.2349,4211
Ovide,1,90679,4730,PseudoCaesar1_BellumAfricanum_BAfr,0.7105,0.3834,0.3383,12634,0.7352,0.4916,0.5029,1050,0.3146,0.2121,0.1664,2425,0.3953,0.2796,0.2329,5006
Ovide,2,90679,4730,PseudoCaesar1_BellumAfricanum_BAfr,0.7405,0.4176,0.3806,12634,0.7076,0.466,0.4835,1050,0.3266,0.2117,0.1721,2425,0.4397,0.3054,0.2652,5006
Prose,1,243959,13075,PseudoCaesar1_BellumAfricanum_BAfr,0.9448,0.7624,0.7482,12634,0.8487,0.6275,0.6255,1500,0.485,0.3469,0.3222,367,0.7251,0.5863,0.5702,1197
Prose,2,243959,13075,PseudoCaesar1_BellumAfricanum_BAfr,0.9551,0.8019,0.7932,12634,0.858,0.6638,0.6738,1500,0.5613,0.3874,0.3672,367,0.7886,0.6431,0.6319,1197
Seneque lucilium,1,112818,5983,PseudoCaesar1_BellumAfricanum_BAfr,0.8033,0.4727,0.433,12634,0.7982,0.5172,0.5189,1120,0.3649,0.229,0.1942,1203,0.5081,0.3464,0.3017,3777
Seneque lucilium,2,112818,5983,PseudoCaesar1_BellumAfricanum_BAfr,0.8118,0.4596,0.4348,12634,0.7464,0.5463,0.5484,1120,0.1663,0.0939,0.0754,1203,0.5007,0.3107,0.2807,3777
Seneque philo autres,1,111329,6221,PseudoCaesar1_BellumAfricanum_BAfr,0.8303,0.513,0.4823,12634,0.7587,0.5612,0.5594,1061,0.3253,0.2153,0.1866,1365,0.5349,0.3815,0.3423,3313
Seneque philo autres,2,111329,6221,PseudoCaesar1_BellumAfricanum_BAfr,0.8541,0.5647,0.5357,12634,0.77,0.569,0.5834,1061,0.3802,0.2417,0.2119,1365,0.6013,0.4223,0.3892,3313
Tacite,1,111431,6121,PseudoCaesar1_BellumAfricanum_BAfr,0.8858,0.5952,0.5692,12634,0.7595,0.5328,0.5035,1131,0.4401,0.2859,0.2514,1027,0.6269,0.4547,0.4206,2509
Tacite,2,111431,6121,PseudoCaesar1_BellumAfricanum_BAfr,0.9043,0.6654,0.6477,12634,0.7489,0.4934,0.5025,1131,0.4985,0.339,0.3112,1027,0.6871,0.5121,0.4881,2509
Theatre plaute seneque,1,110172,5399,PseudoCaesar1_BellumAfricanum_BAfr,0.7603,0.4287,0.3848,12634,0.7917,0.5096,0.4919,1546,0.3374,0.2291,0.1897,1876,0.4686,0.3228,0.2753,4383
Theatre plaute seneque,2,110172,5399,PseudoCaesar1_BellumAfricanum_BAfr,0.7982,0.479,0.4404,12634,0.7962,0.5387,0.5458,1546,0.4136,0.2669,0.2295,1876,0.5307,0.3607,0.3199,4383
Vers,1,246514,13203,PseudoCaesar1_BellumAfricanum_BAfr,0.8407,0.5578,0.5249,12634,0.841,0.5972,0.5806,1799,0.4817,0.3105,0.2714,1395,0.5977,0.4337,0.3922,3540
Vers,2,246514,13203,PseudoCaesar1_BellumAfricanum_BAfr,0.8413,0.598,0.5715,12634,0.8316,0.5519,0.5391,1799,0.4688,0.3142,0.2858,1395,0.6082,0.479,0.4477,3540
Virgile,1,82977,4511,PseudoCaesar1_BellumAfricanum_BAfr,0.7278,0.3822,0.3364,12634,0.6743,0.4932,0.4508,964,0.3175,0.2134,0.1675,2167,0.4127,0.2741,0.2254,4820
Virgile,2,82977,4511,PseudoCaesar1_BellumAfricanum_BAfr,0.7659,0.4596,0.425,12634,0.7479,0.5239,0.5076,964,0.4107,0.2587,0.2261,2167,0.4871,0.3498,0.3093,4820
Cicero discours,1,370694,20696,Sallustius_Catilina_SalCatil,0.9327,0.7551,0.7435,10020,0.8639,0.6856,0.6792,1345,0.4862,0.3333,0.3225,218,0.6743,0.5324,0.5202,1136
Cicero discours,2,370694,20696,Sallustius_Catilina_SalCatil,0.9317,0.765,0.7563,10020,0.8335,0.6279,0.6288,1345,0.4541,0.3013,0.2806,218,0.6813,0.5455,0.531,1136
Ciceron petit,1,110859,5508,Sallustius_Catilina_SalCatil,0.8657,0.5459,0.5138,10020,0.7717,0.5763,0.5709,920,0.4553,0.2878,0.2593,571,0.5259,0.3553,0.3196,1989
Ciceron petit,2,110859,5508,Sallustius_Catilina_SalCatil,0.8824,0.5962,0.5666,10020,0.7717,0.5708,0.5674,920,0.4816,0.3045,0.2744,571,0.5726,0.4039,0.3683,1989
Corpus divers,1,372877,19525,Sallustius_Catilina_SalCatil,0.9404,0.8035,0.7897,10020,0.8594,0.6967,0.6928,1736,0.5766,0.4059,0.4059,111,0.7193,0.6023,0.5884,887
Corpus divers,2,372877,19525,Sallustius_Catilina_SalCatil,0.9425,0.8218,0.8115,10020,0.8612,0.712,0.7144,1736,0.6126,0.4257,0.4084,111,0.7351,0.6223,0.6086,887
Horace_lucrece,1,86929,4626,Sallustius_Catilina_SalCatil,0.7757,0.4456,0.4027,10020,0.7816,0.5031,0.5065,1264,0.36,0.2253,0.1824,1050,0.435,0.3006,0.2557,2961
Horace_lucrece,2,86929,4626,Sallustius_Catilina_SalCatil,0.7918,0.4725,0.4409,10020,0.8014,0.5232,0.5349,1264,0.2105,0.1427,0.1189,1050,0.433,0.3043,0.2718,2961
Ovide,1,90679,4730,Sallustius_Catilina_SalCatil,0.7496,0.4187,0.3785,10020,0.7301,0.5527,0.5355,915,0.366,0.2425,0.2052,1631,0.4329,0.2987,0.2591,3527
Ovide,2,90679,4730,Sallustius_Catilina_SalCatil,0.7763,0.4651,0.4269,10020,0.7071,0.5371,0.5081,915,0.3771,0.2422,0.2051,1631,0.4797,0.3331,0.2939,3527
Prose,1,243959,13075,Sallustius_Catilina_SalCatil,0.9375,0.78,0.7657,10020,0.8396,0.6431,0.6304,1384,0.5888,0.3981,0.3748,107,0.6985,0.5754,0.5533,952
Prose,2,243959,13075,Sallustius_Catilina_SalCatil,0.9439,0.8054,0.793,10020,0.8497,0.6956,0.7015,1384,0.6822,0.4158,0.3983,107,0.7153,0.5906,0.5705,952
Seneque lucilium,1,112818,5983,Sallustius_Catilina_SalCatil,0.8397,0.5367,0.5027,10020,0.7702,0.5374,0.5396,1027,0.4811,0.2923,0.2504,742,0.5529,0.3848,0.3471,2382
Seneque lucilium,2,112818,5983,Sallustius_Catilina_SalCatil,0.8533,0.5621,0.5436,10020,0.7644,0.572,0.5825,1027,0.2588,0.1551,0.1319,742,0.5504,0.381,0.361,2382
Seneque philo autres,1,111329,6221,Sallustius_Catilina_SalCatil,0.87,0.5893,0.5607,10020,0.7437,0.5543,0.5512,987,0.4452,0.2737,0.2443,557,0.601,0.4213,0.3918,2035
Seneque philo autres,2,111329,6221,Sallustius_Catilina_SalCatil,0.8816,0.633,0.6072,10020,0.7568,0.6086,0.611,987,0.4722,0.3034,0.2732,557,0.6442,0.4728,0.4438,2035
Tacite,1,111431,6121,Sallustius_Catilina_SalCatil,0.8997,0.6727,0.646,10020,0.7619,0.5448,0.537,1071,0.4928,0.3148,0.2932,347,0.6217,0.4767,0.4402,1615
Tacite,2,111431,6121,Sallustius_Catilina_SalCatil,0.9181,0.726,0.708,10020,0.7694,0.5698,0.5748,1071,0.5389,0.3376,0.3182,347,0.6879,0.5316,0.5035,1615
Theatre plaute seneque,1,110172,5399,Sallustius_Catilina_SalCatil,0.8142,0.4974,0.457,10020,0.8066,0.5217,0.5124,1432,0.4274,0.2725,0.2314,1067,0.5377,0.3569,0.319,2812
Theatre plaute seneque,2,110172,5399,Sallustius_Catilina_SalCatil,0.8391,0.5485,0.5151,10020,0.8066,0.4795,0.4925,1432,0.4799,0.3123,0.2757,1067,0.5974,0.4166,0.3801,2812
Vers,1,246514,13203,Sallustius_Catilina_SalCatil,0.8501,0.5979,0.5672,10020,0.8142,0.5626,0.5515,1518,0.4307,0.3126,0.2752,736,0.5653,0.4381,0.3972,2360
Vers,2,246514,13203,Sallustius_Catilina_SalCatil,0.8559,0.6404,0.6138,10020,0.8004,0.543,0.543,1518,0.413,0.3036,0.2787,736,0.5869,0.4764,0.4436,2360
Virgile,1,82977,4511,Sallustius_Catilina_SalCatil,0.7486,0.4096,0.3656,10020,0.6951,0.5049,0.4984,915,0.3341,0.2174,0.1724,1652,0.4316,0.2885,0.2441,3524
Virgile,2,82977,4511,Sallustius_Catilina_SalCatil,0.7583,0.4479,0.4091,10020,0.7311,0.5241,0.534,915,0.3378,0.2296,0.1916,1652,0.4435,0.3147,0.2775,3524
Cicero discours,1,370694,20696,Seneca_DeBrevitateVitae_SenBrevi,0.9045,0.7018,0.6887,5883,0.831,0.5578,0.5728,781,0.5054,0.3669,0.3529,279,0.6677,0.517,0.5027,1011
Cicero discours,2,370694,20696,Seneca_DeBrevitateVitae_SenBrevi,0.9184,0.7353,0.7254,5883,0.8348,0.5425,0.5587,781,0.552,0.3982,0.3819,279,0.7132,0.5671,0.5501,1011
Ciceron petit,1,110859,5508,Seneca_DeBrevitateVitae_SenBrevi,0.8428,0.5243,0.506,5883,0.8164,0.4586,0.4877,561,0.431,0.2839,0.2725,580,0.5304,0.3578,0.3387,1561
Ciceron petit,2,110859,5508,Seneca_DeBrevitateVitae_SenBrevi,0.8565,0.5604,0.5442,5883,0.7986,0.3826,0.3954,561,0.45,0.3059,0.2924,580,0.5772,0.4001,0.384,1561
Corpus divers,1,372877,19525,Seneca_DeBrevitateVitae_SenBrevi,0.9364,0.8064,0.8024,5883,0.8558,0.6219,0.6095,1165,0.5952,0.4423,0.4423,84,0.8153,0.6846,0.6804,655
Corpus divers,2,372877,19525,Seneca_DeBrevitateVitae_SenBrevi,0.9482,0.8419,0.8384,5883,0.8858,0.6676,0.668,1165,0.6548,0.4902,0.482,84,0.8382,0.7263,0.7239,655
Horace_lucrece,1,86929,4626,Seneca_DeBrevitateVitae_SenBrevi,0.8246,0.52,0.4921,5883,0.8458,0.5019,0.5097,921,0.3956,0.2714,0.2535,498,0.5142,0.3593,0.3343,1515
Horace_lucrece,2,86929,4626,Seneca_DeBrevitateVitae_SenBrevi,0.8283,0.5039,0.4845,5883,0.8567,0.5261,0.5293,921,0.1928,0.1209,0.1113,498,0.4746,0.3182,0.2966,1515
Ovide,1,90679,4730,Seneca_DeBrevitateVitae_SenBrevi,0.7952,0.4735,0.4463,5883,0.7564,0.5066,0.495,583,0.3592,0.2354,0.2174,721,0.4598,0.3151,0.2894,1755
Ovide,2,90679,4730,Seneca_DeBrevitateVitae_SenBrevi,0.8217,0.5136,0.495,5883,0.7873,0.5761,0.5969,583,0.3703,0.2337,0.2183,721,0.5214,0.3522,0.3331,1755
Prose,1,243959,13075,Seneca_DeBrevitateVitae_SenBrevi,0.9276,0.7616,0.7493,5883,0.8502,0.6125,0.612,801,0.6016,0.4268,0.4116,128,0.7737,0.6224,0.6105,866
Prose,2,243959,13075,Seneca_DeBrevitateVitae_SenBrevi,0.9398,0.8219,0.816,5883,0.8202,0.6085,0.6098,801,0.6406,0.4747,0.4684,128,0.8222,0.6857,0.6784,866
Seneque lucilium,1,112818,5983,Seneca_DeBrevitateVitae_SenBrevi,0.9065,0.6779,0.6618,5883,0.8382,0.6046,0.608,785,0.4396,0.2953,0.2861,182,0.6386,0.4661,0.455,916
Seneque lucilium,2,112818,5983,Seneca_DeBrevitateVitae_SenBrevi,0.9232,0.7296,0.7262,5883,0.8586,0.6398,0.6508,785,0.2527,0.1509,0.1439,182,0.691,0.5206,0.5182,916
Seneque philo autres,1,111329,6221,Seneca_DeBrevitateVitae_SenBrevi,0.9176,0.7185,0.7063,5883,0.8185,0.5937,0.5948,661,0.4425,0.306,0.2917,174,0.687,0.524,0.5137,885
Seneque philo autres,2,111329,6221,Seneca_DeBrevitateVitae_SenBrevi,0.9238,0.7423,0.7348,5883,0.8064,0.6309,0.6508,661,0.477,0.3289,0.3178,174,0.7175,0.5617,0.5526,885
Tacite,1,111431,6121,Seneca_DeBrevitateVitae_SenBrevi,0.8863,0.6533,0.6347,5883,0.801,0.5806,0.5661,603,0.5219,0.3734,0.3601,320,0.6801,0.499,0.4782,1344
Tacite,2,111431,6121,Seneca_DeBrevitateVitae_SenBrevi,0.9016,0.7065,0.6913,5883,0.7695,0.5569,0.5453,603,0.5687,0.4284,0.4116,320,0.7158,0.5539,0.5331,1344
Theatre plaute seneque,1,110172,5399,Seneca_DeBrevitateVitae_SenBrevi,0.836,0.5292,0.5008,5883,0.8602,0.5889,0.5769,923,0.4476,0.2879,0.2688,534,0.5397,0.3664,0.3405,1525
Theatre plaute seneque,2,110172,5399,Seneca_DeBrevitateVitae_SenBrevi,0.8589,0.5721,0.5521,5883,0.8667,0.5584,0.5577,923,0.47,0.3072,0.2934,534,0.6007,0.4229,0.401,1525
Vers,1,246514,13203,Seneca_DeBrevitateVitae_SenBrevi,0.8882,0.6646,0.6497,5883,0.8668,0.5968,0.5862,1081,0.4727,0.3243,0.31,366,0.648,0.4895,0.4745,1179
Vers,2,246514,13203,Seneca_DeBrevitateVitae_SenBrevi,0.9004,0.7023,0.695,5883,0.8557,0.5786,0.575,1081,0.5383,0.3792,0.361,366,0.6964,0.5449,0.5368,1179
Virgile,1,82977,4511,Seneca_DeBrevitateVitae_SenBrevi,0.7768,0.4484,0.4212,5883,0.7623,0.4365,0.4554,673,0.3395,0.2176,0.1968,816,0.4636,0.3066,0.28,1907
Virgile,2,82977,4511,Seneca_DeBrevitateVitae_SenBrevi,0.7923,0.4726,0.4515,5883,0.7816,0.5097,0.5141,673,0.3652,0.239,0.2217,816,0.4934,0.3251,0.3067,1907
Cicero discours,1,370694,20696,Seneca_Medea_SenMedea,0.8102,0.5343,0.5093,5464,0.75,0.47,0.4624,516,0.455,0.3098,0.2866,666,0.5227,0.3656,0.3377,1544
Cicero discours,2,370694,20696,Seneca_Medea_SenMedea,0.8269,0.559,0.537,5464,0.8043,0.5113,0.5158,516,0.4309,0.2974,0.2797,666,0.5421,0.385,0.3596,1544
Ciceron petit,1,110859,5508,Seneca_Medea_SenMedea,0.7291,0.4107,0.3764,5464,0.7395,0.4788,0.4612,311,0.3952,0.2461,0.2191,1040,0.4294,0.279,0.2446,2173
Ciceron petit,2,110859,5508,Seneca_Medea_SenMedea,0.754,0.4512,0.4194,5464,0.7235,0.5048,0.4708,311,0.4029,0.2623,0.2364,1040,0.4763,0.3152,0.2816,2173
Corpus divers,1,372877,19525,Seneca_Medea_SenMedea,0.9248,0.7861,0.775,5464,0.8107,0.6054,0.6068,840,0.5965,0.4304,0.4241,57,0.7286,0.5832,0.5681,490
Corpus divers,2,372877,19525,Seneca_Medea_SenMedea,0.9348,0.8151,0.8041,5464,0.8321,0.6576,0.6581,840,0.614,0.4359,0.4359,57,0.7571,0.6167,0.6052,490
Horace_lucrece,1,86929,4626,Seneca_Medea_SenMedea,0.8064,0.5327,0.5006,5464,0.7667,0.4701,0.4671,583,0.4188,0.3087,0.2873,308,0.497,0.3496,0.3225,1354
Horace_lucrece,2,86929,4626,Seneca_Medea_SenMedea,0.8435,0.5868,0.5645,5464,0.7804,0.5029,0.5181,583,0.3084,0.2096,0.1991,308,0.5539,0.386,0.3596,1354
Ovide,1,90679,4730,Seneca_Medea_SenMedea,0.8435,0.5817,0.5513,5464,0.7282,0.5411,0.5383,493,0.4113,0.2908,0.2746,282,0.5004,0.3576,0.3325,1161
Ovide,2,90679,4730,Seneca_Medea_SenMedea,0.8668,0.6316,0.6088,5464,0.7525,0.5197,0.5328,493,0.3972,0.2696,0.2629,282,0.5478,0.3973,0.3791,1161
Prose,1,243959,13075,Seneca_Medea_SenMedea,0.8556,0.6246,0.6018,5464,0.7769,0.5432,0.5569,520,0.4746,0.3298,0.3146,335,0.5933,0.4357,0.4122,1259
Prose,2,243959,13075,Seneca_Medea_SenMedea,0.8754,0.6708,0.6487,5464,0.7615,0.5831,0.572,520,0.5075,0.352,0.3363,335,0.645,0.4863,0.4628,1259
Seneque lucilium,1,112818,5983,Seneca_Medea_SenMedea,0.7952,0.5097,0.4809,5464,0.7485,0.458,0.448,497,0.3986,0.2767,0.2558,572,0.5009,0.3464,0.3176,1629
Seneque lucilium,2,112818,5983,Seneca_Medea_SenMedea,0.8038,0.5044,0.4899,5464,0.7586,0.4953,0.5017,497,0.1748,0.1058,0.0899,572,0.485,0.3165,0.2968,1629
Seneque philo autres,1,111329,6221,Seneca_Medea_SenMedea,0.8111,0.5361,0.5073,5464,0.7072,0.497,0.4969,403,0.3741,0.2455,0.2189,572,0.5165,0.3612,0.3312,1516
Seneque philo autres,2,111329,6221,Seneca_Medea_SenMedea,0.83,0.5785,0.5509,5464,0.727,0.5507,0.5631,403,0.4266,0.3094,0.2878,572,0.5475,0.4017,0.3714,1516
Tacite,1,111431,6121,Seneca_Medea_SenMedea,0.8011,0.535,0.5008,5464,0.6992,0.4954,0.4959,369,0.4233,0.2893,0.2667,567,0.5289,0.3748,0.3386,1747
Tacite,2,111431,6121,Seneca_Medea_SenMedea,0.8247,0.5684,0.5389,5464,0.6938,0.5244,0.5358,369,0.4638,0.3166,0.2933,567,0.573,0.4065,0.3743,1747
Theatre plaute seneque,1,110172,5399,Seneca_Medea_SenMedea,0.8981,0.6932,0.6704,5464,0.8369,0.6347,0.6383,699,0.4367,0.3196,0.3076,158,0.6074,0.4382,0.4249,759
Theatre plaute seneque,2,110172,5399,Seneca_Medea_SenMedea,0.9191,0.7514,0.7351,5464,0.867,0.7009,0.7074,699,0.4494,0.3351,0.3221,158,0.6614,0.5056,0.4927,759
Vers,1,246514,13203,Seneca_Medea_SenMedea,0.9123,0.7451,0.7313,5464,0.8186,0.6288,0.6421,805,0.4022,0.3162,0.3105,92,0.6543,0.4989,0.4828,645
Vers,2,246514,13203,Seneca_Medea_SenMedea,0.9209,0.7701,0.7588,5464,0.8186,0.6371,0.642,805,0.4565,0.3661,0.3601,92,0.6868,0.5221,0.5141,645
Virgile,1,82977,4511,Seneca_Medea_SenMedea,0.8333,0.5711,0.542,5464,0.7572,0.4902,0.5053,486,0.4678,0.3148,0.2951,342,0.5121,0.3444,0.3177,1320
Virgile,2,82977,4511,Seneca_Medea_SenMedea,0.8488,0.6115,0.586,5464,0.7716,0.4975,0.5093,486,0.4503,0.2939,0.2827,342,0.5576,0.3964,0.3766,1320
Cicero discours,1,370694,20696,Tacitus_TacGermania_TacGerma,0.8684,0.6382,0.6194,5333,0.78,0.6002,0.5698,509,0.436,0.2934,0.2726,539,0.6043,0.4486,0.4284,1208
Cicero discours,2,370694,20696,Tacitus_TacGermania_TacGerma,0.8832,0.6783,0.6648,5333,0.7859,0.6003,0.5861,509,0.4842,0.3254,0.3058,539,0.6457,0.4987,0.4779,1208
Ciceron petit,1,110859,5508,Tacitus_TacGermania_TacGerma,0.8037,0.4897,0.4677,5333,0.7203,0.4648,0.4454,354,0.4274,0.2739,0.2536,847,0.5205,0.3387,0.3158,1706
Ciceron petit,2,110859,5508,Tacitus_TacGermania_TacGerma,0.8249,0.5365,0.5168,5333,0.7175,0.4577,0.4403,354,0.4522,0.295,0.2756,847,0.5668,0.3866,0.3648,1706
Corpus divers,1,372877,19525,Tacitus_TacGermania_TacGerma,0.9385,0.8061,0.7977,5333,0.8452,0.6322,0.6143,801,0.3878,0.2646,0.2357,147,0.7397,0.6034,0.5924,557
Corpus divers,2,372877,19525,Tacitus_TacGermania_TacGerma,0.9419,0.8187,0.8134,5333,0.8527,0.6679,0.6538,801,0.3741,0.2565,0.2382,147,0.7504,0.6165,0.611,557
Horace_lucrece,1,86929,4626,Tacitus_TacGermania_TacGerma,0.7958,0.4925,0.4643,5333,0.8391,0.5713,0.5676,609,0.3893,0.2452,0.223,673,0.4923,0.3309,0.3072,1617
Horace_lucrece,2,86929,4626,Tacitus_TacGermania_TacGerma,0.7984,0.4843,0.4642,5333,0.8456,0.5949,0.5696,609,0.2348,0.1337,0.1169,673,0.4644,0.3034,0.2834,1617
Ovide,1,90679,4730,Tacitus_TacGermania_TacGerma,0.772,0.4653,0.438,5333,0.7054,0.4734,0.4694,370,0.3158,0.216,0.1967,779,0.441,0.305,0.2854,1737
Ovide,2,90679,4730,Tacitus_TacGermania_TacGerma,0.8046,0.5276,0.5053,5333,0.7378,0.5253,0.5253,370,0.3325,0.2293,0.2124,779,0.4974,0.3595,0.34,1737
Prose,1,243959,13075,Tacitus_TacGermania_TacGerma,0.9308,0.7795,0.7699,5333,0.8065,0.6248,0.6023,589,0.5412,0.3592,0.3415,170,0.7398,0.5935,0.5802,665
Prose,2,243959,13075,Tacitus_TacGermania_TacGerma,0.9449,0.8242,0.8188,5333,0.8234,0.6382,0.6198,589,0.5176,0.3529,0.335,170,0.794,0.6641,0.6513,665
Seneque lucilium,1,112818,5983,Tacitus_TacGermania_TacGerma,0.8386,0.568,0.5435,5333,0.8092,0.536,0.5353,456,0.3589,0.2561,0.237,521,0.5317,0.3912,0.3663,1373
Seneque lucilium,2,112818,5983,Tacitus_TacGermania_TacGerma,0.8509,0.5809,0.574,5333,0.8158,0.6396,0.6374,456,0.2015,0.1325,0.1277,521,0.5361,0.3774,0.3667,1373
Seneque philo autres,1,111329,6221,Tacitus_TacGermania_TacGerma,0.8582,0.6022,0.5844,5333,0.7789,0.6005,0.5885,407,0.3469,0.25,0.2286,493,0.5679,0.422,0.402,1273
Seneque philo autres,2,111329,6221,Tacitus_TacGermania_TacGerma,0.8701,0.6313,0.6134,5333,0.774,0.6135,0.5982,407,0.3955,0.2655,0.2514,493,0.6049,0.4507,0.4329,1273
Tacite,1,111431,6121,Tacitus_TacGermania_TacGerma,0.9091,0.7122,0.6983,5333,0.7894,0.6202,0.5947,470,0.5,0.3404,0.3234,256,0.6754,0.5099,0.4943,918
Tacite,2,111431,6121,Tacitus_TacGermania_TacGerma,0.9278,0.7636,0.7545,5333,0.8085,0.6123,0.5889,470,0.5,0.3517,0.3316,256,0.7375,0.5825,0.5709,918
Theatre plaute seneque,1,110172,5399,Tacitus_TacGermania_TacGerma,0.8022,0.5063,0.48,5333,0.8191,0.5549,0.5438,586,0.3511,0.231,0.2134,658,0.4904,0.3418,0.3161,1609
Theatre plaute seneque,2,110172,5399,Tacitus_TacGermania_TacGerma,0.8303,0.5517,0.5319,5333,0.8311,0.5688,0.5553,586,0.3587,0.2386,0.2208,658,0.5494,0.3872,0.3641,1609
Vers,1,246514,13203,Tacitus_TacGermania_TacGerma,0.8699,0.6425,0.6233,5333,0.8554,0.629,0.6178,733,0.3821,0.2777,0.2497,458,0.5908,0.4412,0.4218,1212
Vers,2,246514,13203,Tacitus_TacGermania_TacGerma,0.8785,0.6621,0.6487,5333,0.8458,0.5775,0.58,733,0.4017,0.2888,0.2642,458,0.6196,0.4753,0.4566,1212
Virgile,1,82977,4511,Tacitus_TacGermania_TacGerma,0.7742,0.469,0.4421,5333,0.7227,0.5556,0.5171,357,0.345,0.2249,0.2011,826,0.4564,0.3022,0.2807,1788
Virgile,2,82977,4511,Tacitus_TacGermania_TacGerma,0.7915,0.5003,0.4792,5333,0.7479,0.61,0.6075,357,0.3547,0.2245,0.2049,826,0.4827,0.3268,0.3089,1788
Cicero discours,1,370694,20696,Vergilius_Eclogae_VergEclo,0.7919,0.5136,0.4837,5424,0.7567,0.6058,0.5906,374,0.3397,0.2462,0.2111,895,0.4802,0.3445,0.3078,1768
Cicero discours,2,370694,20696,Vergilius_Eclogae_VergEclo,0.8029,0.5347,0.51,5424,0.7807,0.6033,0.6055,374,0.3765,0.2605,0.2315,895,0.5028,0.3661,0.3358,1768
Ciceron petit,1,110859,5508,Vergilius_Eclogae_VergEclo,0.7227,0.398,0.3625,5424,0.7137,0.5472,0.5522,262,0.3246,0.2073,0.1709,1343,0.4159,0.2632,0.2267,2294
Ciceron petit,2,110859,5508,Vergilius_Eclogae_VergEclo,0.7448,0.4359,0.4009,5424,0.7061,0.5225,0.5414,262,0.3745,0.2255,0.1946,1343,0.4599,0.2997,0.2616,2294
Corpus divers,1,372877,19525,Vergilius_Eclogae_VergEclo,0.9187,0.7706,0.7574,5424,0.8187,0.622,0.6132,761,0.3804,0.3571,0.3156,184,0.6661,0.5708,0.5492,587
Corpus divers,2,372877,19525,Vergilius_Eclogae_VergEclo,0.9268,0.7936,0.7835,5424,0.8147,0.66,0.6556,761,0.4348,0.2829,0.2478,184,0.6968,0.5647,0.5395,587
Horace_lucrece,1,86929,4626,Vergilius_Eclogae_VergEclo,0.8424,0.5873,0.5518,5424,0.823,0.576,0.5724,599,0.4068,0.2792,0.2462,440,0.5495,0.3852,0.3512,1212
Horace_lucrece,2,86929,4626,Vergilius_Eclogae_VergEclo,0.8612,0.6208,0.601,5424,0.8114,0.5519,0.5535,599,0.3205,0.2061,0.1856,440,0.5512,0.3866,0.36,1212
Ovide,1,90679,4730,Vergilius_Eclogae_VergEclo,0.863,0.6062,0.5809,5424,0.6982,0.5225,0.5164,391,0.3962,0.2539,0.233,371,0.5472,0.3666,0.3444,1102
Ovide,2,90679,4730,Vergilius_Eclogae_VergEclo,0.8851,0.6636,0.6486,5424,0.7212,0.5821,0.5846,391,0.4178,0.2805,0.2668,371,0.6207,0.4448,0.4328,1102
Prose,1,243959,13075,Vergilius_Eclogae_VergEclo,0.8357,0.5725,0.5424,5424,0.7685,0.5566,0.5404,445,0.4194,0.2741,0.2397,620,0.5634,0.398,0.3637,1466
Prose,2,243959,13075,Vergilius_Eclogae_VergEclo,0.8527,0.6153,0.5901,5424,0.7461,0.5979,0.5927,445,0.4097,0.2964,0.2647,620,0.6023,0.4416,0.4094,1466
Seneque lucilium,1,112818,5983,Vergilius_Eclogae_VergEclo,0.7887,0.4896,0.4524,5424,0.7375,0.5395,0.5354,381,0.3361,0.2239,0.1906,836,0.4934,0.3381,0.2981,1749
Seneque lucilium,2,112818,5983,Vergilius_Eclogae_VergEclo,0.7817,0.4446,0.4274,5424,0.748,0.5217,0.5132,381,0.1471,0.0916,0.0759,836,0.4345,0.2677,0.2475,1749
Seneque philo autres,1,111329,6221,Vergilius_Eclogae_VergEclo,0.7797,0.483,0.4516,5424,0.6918,0.5041,0.5034,331,0.3201,0.2196,0.1922,956,0.4756,0.3218,0.2896,1848
Seneque philo autres,2,111329,6221,Vergilius_Eclogae_VergEclo,0.8001,0.5203,0.4895,5424,0.7462,0.5874,0.582,331,0.3902,0.267,0.2333,956,0.5238,0.3683,0.3328,1848
Tacite,1,111431,6121,Vergilius_Eclogae_VergEclo,0.7642,0.4663,0.4351,5424,0.6529,0.4994,0.4813,314,0.3579,0.2386,0.2112,989,0.4859,0.3239,0.2899,2027
Tacite,2,111431,6121,Vergilius_Eclogae_VergEclo,0.7839,0.5088,0.4769,5424,0.6115,0.4273,0.418,314,0.3903,0.276,0.2461,989,0.519,0.3598,0.3241,2027
Theatre plaute seneque,1,110172,5399,Vergilius_Eclogae_VergEclo,0.8232,0.554,0.525,5424,0.8113,0.5774,0.5819,530,0.3727,0.2701,0.2387,601,0.5221,0.3736,0.3438,1404
Theatre plaute seneque,2,110172,5399,Vergilius_Eclogae_VergEclo,0.84,0.5962,0.5718,5424,0.8208,0.6835,0.6835,530,0.3777,0.2589,0.2335,601,0.5463,0.3985,0.3714,1404
Vers,1,246514,13203,Vergilius_Eclogae_VergEclo,0.9266,0.7883,0.7748,5424,0.8183,0.6327,0.6204,732,0.4908,0.3585,0.3199,163,0.7111,0.567,0.5435,592
Vers,2,246514,13203,Vergilius_Eclogae_VergEclo,0.9299,0.8097,0.8012,5424,0.8183,0.6325,0.6291,732,0.5337,0.3841,0.357,163,0.7162,0.6093,0.5902,592
Virgile,1,82977,4511,Vergilius_Eclogae_VergEclo,0.9845,0.9505,0.9463,5424,0.9112,0.8426,0.8428,428,0.2,0.125,0.125,10,0.5476,0.386,0.3772,42
Virgile,2,82977,4511,Vergilius_Eclogae_VergEclo,0.9633,0.8701,0.8618,5424,0.8107,0.6516,0.6607,428,0.1,0.0588,0.0588,10,0.5952,0.4182,0.4182,42
