model,layers,train_tokens,dev_tokens,test,All / Accuracy,All / Precision,All / Recall,All / Support,Ambiguous tokens / Accuracy,Ambiguous tokens / Precision,Ambiguous tokens / Recall,Ambiguous tokens / Support,Unknown tokens / Accuracy,Unknown tokens / Precision,Unknown tokens / Recall,Unknown tokens / Support
Cicero discours,1,370694,20696,Caesar_BellumGallicum_CaesBG3,0.943,0.8226,0.8192,3403,0.8827,0.7525,0.7647,716,0.8568,0.5389,0.4482,440
Cicero discours,2,370694,20696,Caesar_BellumGallicum_CaesBG3,0.943,0.8311,0.8222,3403,0.8575,0.6951,0.7144,716,0.8795,0.5064,0.4936,440
Ciceron petit,1,110859,5508,Caesar_BellumGallicum_CaesBG3,0.8974,0.8061,0.7908,3403,0.8211,0.6328,0.6856,598,0.7275,0.2754,0.2736,756
Ciceron petit,2,110859,5508,Caesar_BellumGallicum_CaesBG3,0.9139,0.7953,0.7924,3403,0.8278,0.6885,0.716,598,0.791,0.2982,0.2962,756
Corpus divers,1,372877,19525,Caesar_BellumGallicum_CaesBG3,0.9583,0.8934,0.8699,3403,0.8688,0.8289,0.7665,800,0.9307,0.6172,0.5102,332
Corpus divers,2,372877,19525,Caesar_BellumGallicum_CaesBG3,0.9586,0.8835,0.8736,3403,0.8688,0.7802,0.7847,800,0.9307,0.7262,0.6664,332
Horace_lucrece,1,86929,4626,Caesar_BellumGallicum_CaesBG3,0.8113,0.7179,0.6835,3403,0.7924,0.6744,0.6705,607,0.5984,0.1048,0.1104,1158
Horace_lucrece,2,86929,4626,Caesar_BellumGallicum_CaesBG3,0.8225,0.6551,0.652,3403,0.7611,0.618,0.6115,607,0.6356,0.2519,0.1793,1158
Ovide,1,90679,4730,Caesar_BellumGallicum_CaesBG3,0.7823,0.6516,0.5972,3403,0.7234,0.519,0.5702,488,0.5839,0.1461,0.112,1317
Ovide,2,90679,4730,Caesar_BellumGallicum_CaesBG3,0.8078,0.7173,0.6833,3403,0.7459,0.5396,0.5956,488,0.634,0.2579,0.1491,1317
Prose,1,243959,13075,Caesar_BellumGallicum_CaesBG3,0.9577,0.8052,0.7883,3403,0.8781,0.7678,0.7815,755,0.9058,0.4276,0.4405,308
Prose,2,243959,13075,Caesar_BellumGallicum_CaesBG3,0.9612,0.8156,0.7856,3403,0.8755,0.7726,0.7616,755,0.9286,0.6219,0.4799,308
Seneque lucilium,1,112818,5983,Caesar_BellumGallicum_CaesBG3,0.871,0.7069,0.6516,3403,0.8037,0.6833,0.686,535,0.7236,0.1554,0.1639,948
Seneque lucilium,2,112818,5983,Caesar_BellumGallicum_CaesBG3,0.8895,0.7713,0.7252,3403,0.8262,0.7477,0.757,535,0.7532,0.2724,0.232,948
Seneque philo autres,1,111329,6221,Caesar_BellumGallicum_CaesBG3,0.8592,0.6783,0.6338,3403,0.7706,0.6224,0.623,558,0.6682,0.1573,0.1653,850
Seneque philo autres,2,111329,6221,Caesar_BellumGallicum_CaesBG3,0.8819,0.7719,0.7316,3403,0.7849,0.6651,0.67,558,0.7259,0.1476,0.1544,850
Tacite,1,111431,6121,Caesar_BellumGallicum_CaesBG3,0.9104,0.7022,0.702,3403,0.8264,0.707,0.7226,628,0.7932,0.2809,0.2029,619
Tacite,2,111431,6121,Caesar_BellumGallicum_CaesBG3,0.9177,0.8191,0.7791,3403,0.8137,0.7448,0.7723,628,0.8352,0.4667,0.3446,619
Theatre plaute seneque,1,110172,5399,Caesar_BellumGallicum_CaesBG3,0.8313,0.765,0.7134,3403,0.8059,0.6415,0.6595,680,0.6794,0.2603,0.2998,1148
Theatre plaute seneque,2,110172,5399,Caesar_BellumGallicum_CaesBG3,0.8704,0.7634,0.7521,3403,0.7882,0.6152,0.6639,680,0.7779,0.3871,0.3056,1148
Vers,1,246514,13203,Caesar_BellumGallicum_CaesBG3,0.8819,0.7588,0.7419,3403,0.8191,0.6602,0.64,680,0.7576,0.2904,0.2722,953
Vers,2,246514,13203,Caesar_BellumGallicum_CaesBG3,0.8922,0.8027,0.764,3403,0.8059,0.6673,0.6635,680,0.7975,0.3622,0.3276,953
Virgile,1,82977,4511,Caesar_BellumGallicum_CaesBG3,0.7834,0.6313,0.6103,3403,0.7347,0.6008,0.5642,524,0.5997,0.1185,0.1231,1259
Virgile,2,82977,4511,Caesar_BellumGallicum_CaesBG3,0.8149,0.6918,0.6901,3403,0.7653,0.6366,0.63,524,0.637,0.1759,0.1348,1259
Cicero discours,1,370694,20696,Catullus_Catullus_Catul,0.845,0.8615,0.8239,12397,0.759,0.5885,0.6079,1859,0.6758,0.1189,0.149,3485
Cicero discours,2,370694,20696,Catullus_Catullus_Catul,0.8553,0.8551,0.8257,12397,0.7612,0.5699,0.5742,1859,0.6924,0.1984,0.2022,3485
Ciceron petit,1,110859,5508,Catullus_Catullus_Catul,0.7841,0.7485,0.7309,12397,0.7425,0.6403,0.6232,1627,0.5602,0.1839,0.1291,4607
Ciceron petit,2,110859,5508,Catullus_Catullus_Catul,0.7983,0.7299,0.7469,12397,0.7265,0.6114,0.6094,1627,0.598,0.2854,0.2263,4607
Corpus divers,1,372877,19525,Catullus_Catullus_Catul,0.9102,0.9096,0.8752,12397,0.8165,0.7123,0.6773,2763,0.7787,0.2336,0.1812,1636
Corpus divers,2,372877,19525,Catullus_Catullus_Catul,0.9174,0.9025,0.8954,12397,0.8198,0.7329,0.7457,2763,0.7977,0.4313,0.3488,1636
Horace_lucrece,1,86929,4626,Catullus_Catullus_Catul,0.8359,0.7975,0.7341,12397,0.7564,0.6682,0.6101,2155,0.6135,0.2434,0.1979,3133
Horace_lucrece,2,86929,4626,Catullus_Catullus_Catul,0.8529,0.8115,0.8078,12397,0.7601,0.6051,0.5816,2155,0.6582,0.319,0.2351,3133
Ovide,1,90679,4730,Catullus_Catullus_Catul,0.8317,0.7745,0.7387,12397,0.7191,0.6033,0.5427,1823,0.5798,0.1454,0.116,3210
Ovide,2,90679,4730,Catullus_Catullus_Catul,0.8454,0.8819,0.8128,12397,0.729,0.6434,0.5972,1823,0.6143,0.2298,0.2017,3210
Prose,1,243959,13075,Catullus_Catullus_Catul,0.8496,0.8251,0.7803,12397,0.786,0.6201,0.6066,2210,0.6881,0.2359,0.1793,3180
Prose,2,243959,13075,Catullus_Catullus_Catul,0.8617,0.8404,0.7828,12397,0.7878,0.6646,0.6493,2210,0.716,0.3635,0.2732,3180
Seneque lucilium,1,112818,5983,Catullus_Catullus_Catul,0.8027,0.8093,0.7189,12397,0.6973,0.6148,0.5552,1718,0.6027,0.173,0.1673,4108
Seneque lucilium,2,112818,5983,Catullus_Catullus_Catul,0.8184,0.8255,0.7397,12397,0.7049,0.569,0.5539,1718,0.6322,0.1669,0.1787,4108
Seneque philo autres,1,111329,6221,Catullus_Catullus_Catul,0.7983,0.7753,0.6924,12397,0.7384,0.6534,0.6147,1808,0.5827,0.1087,0.1196,3959
Seneque philo autres,2,111329,6221,Catullus_Catullus_Catul,0.8211,0.8,0.7506,12397,0.7472,0.7101,0.6809,1808,0.6312,0.1569,0.1393,3959
Tacite,1,111431,6121,Catullus_Catullus_Catul,0.7906,0.7672,0.715,12397,0.7354,0.5656,0.5552,1735,0.597,0.1035,0.1167,4318
Tacite,2,111431,6121,Catullus_Catullus_Catul,0.8107,0.7577,0.7272,12397,0.7383,0.5813,0.5844,1735,0.6371,0.244,0.1632,4318
Theatre plaute seneque,1,110172,5399,Catullus_Catullus_Catul,0.8381,0.8379,0.7304,12397,0.7877,0.758,0.7093,2407,0.6287,0.115,0.1266,3210
Theatre plaute seneque,2,110172,5399,Catullus_Catullus_Catul,0.8635,0.8329,0.7891,12397,0.8081,0.7373,0.7497,2407,0.6745,0.2918,0.2409,3210
Vers,1,246514,13203,Catullus_Catullus_Catul,0.8984,0.9049,0.8549,12397,0.7885,0.6913,0.6518,2591,0.7524,0.2753,0.1679,1914
Vers,2,246514,13203,Catullus_Catullus_Catul,0.9096,0.8976,0.8764,12397,0.7993,0.6997,0.6724,2591,0.7759,0.3054,0.2475,1914
Virgile,1,82977,4511,Catullus_Catullus_Catul,0.8231,0.7362,0.7013,12397,0.7495,0.5931,0.572,1872,0.5995,0.1333,0.1053,3478
Virgile,2,82977,4511,Catullus_Catullus_Catul,0.8353,0.765,0.7347,12397,0.7596,0.6126,0.6136,1872,0.6116,0.2987,0.266,3478
Cicero discours,1,370694,20696,Cicero_DeAmicitia_CicAmici,0.9516,0.8903,0.8854,8735,0.8739,0.8278,0.8332,1967,0.8358,0.368,0.312,664
Cicero discours,2,370694,20696,Cicero_DeAmicitia_CicAmici,0.9494,0.882,0.8799,8735,0.8556,0.7807,0.7782,1967,0.8539,0.4311,0.3768,664
Ciceron petit,1,110859,5508,Cicero_DeAmicitia_CicAmici,0.8993,0.8706,0.8198,8735,0.8256,0.7846,0.7558,1714,0.6303,0.1288,0.1117,1355
Ciceron petit,2,110859,5508,Cicero_DeAmicitia_CicAmici,0.9097,0.8304,0.8761,8735,0.8145,0.7406,0.7138,1714,0.6974,0.3727,0.38,1355
Corpus divers,1,372877,19525,Cicero_DeAmicitia_CicAmici,0.9343,0.9349,0.9076,8735,0.8588,0.819,0.7592,2613,0.8634,0.5729,0.5219,827
Corpus divers,2,372877,19525,Cicero_DeAmicitia_CicAmici,0.9391,0.8871,0.909,8735,0.8668,0.77,0.7683,2613,0.8803,0.4442,0.322,827
Horace_lucrece,1,86929,4626,Cicero_DeAmicitia_CicAmici,0.825,0.7684,0.7582,8735,0.7875,0.7241,0.6724,2118,0.5453,0.1204,0.1237,1986
Horace_lucrece,2,86929,4626,Cicero_DeAmicitia_CicAmici,0.8456,0.7635,0.8145,8735,0.7932,0.7187,0.7155,2118,0.6032,0.2123,0.2069,1986
Ovide,1,90679,4730,Cicero_DeAmicitia_CicAmici,0.7922,0.7009,0.6845,8735,0.7505,0.6005,0.576,1635,0.5027,0.1475,0.0939,2427
Ovide,2,90679,4730,Cicero_DeAmicitia_CicAmici,0.8137,0.7153,0.7042,8735,0.7535,0.5769,0.5693,1635,0.5608,0.2194,0.1898,2427
Prose,1,243959,13075,Cicero_DeAmicitia_CicAmici,0.9247,0.8477,0.8602,8735,0.8456,0.7574,0.751,2318,0.8193,0.2504,0.2208,935
Prose,2,243959,13075,Cicero_DeAmicitia_CicAmici,0.9381,0.9028,0.9122,8735,0.8589,0.7864,0.788,2318,0.8652,0.367,0.3311,935
Seneque lucilium,1,112818,5983,Cicero_DeAmicitia_CicAmici,0.8888,0.8564,0.8102,8735,0.7858,0.787,0.7455,1657,0.6621,0.2321,0.244,1385
Seneque lucilium,2,112818,5983,Cicero_DeAmicitia_CicAmici,0.9107,0.8664,0.8176,8735,0.7936,0.7472,0.7567,1657,0.7466,0.2238,0.2003,1385
Seneque philo autres,1,111329,6221,Cicero_DeAmicitia_CicAmici,0.886,0.8649,0.8505,8735,0.8082,0.762,0.772,1924,0.6467,0.1591,0.1373,1353
Seneque philo autres,2,111329,6221,Cicero_DeAmicitia_CicAmici,0.9031,0.8242,0.7947,8735,0.8139,0.7551,0.754,1924,0.7007,0.1835,0.1551,1353
Tacite,1,111431,6121,Cicero_DeAmicitia_CicAmici,0.8793,0.776,0.7459,8735,0.7896,0.6934,0.6611,1915,0.696,0.1896,0.1621,1582
Tacite,2,111431,6121,Cicero_DeAmicitia_CicAmici,0.8926,0.8287,0.8092,8735,0.7854,0.7563,0.7153,1915,0.7655,0.2107,0.186,1582
Theatre plaute seneque,1,110172,5399,Cicero_DeAmicitia_CicAmici,0.8334,0.7477,0.7467,8735,0.7822,0.6731,0.6299,2163,0.616,0.2042,0.1802,2112
Theatre plaute seneque,2,110172,5399,Cicero_DeAmicitia_CicAmici,0.8728,0.7811,0.7795,8735,0.8035,0.6593,0.652,2163,0.7131,0.2366,0.2585,2112
Vers,1,246514,13203,Cicero_DeAmicitia_CicAmici,0.8808,0.8116,0.8196,8735,0.8171,0.6875,0.6767,2345,0.7126,0.2812,0.2364,1632
Vers,2,246514,13203,Cicero_DeAmicitia_CicAmici,0.892,0.8396,0.8448,8735,0.8175,0.7453,0.6826,2345,0.7598,0.2826,0.2446,1632
Virgile,1,82977,4511,Cicero_DeAmicitia_CicAmici,0.7698,0.6635,0.647,8735,0.7391,0.6272,0.5847,1786,0.5083,0.1373,0.0753,2644
Virgile,2,82977,4511,Cicero_DeAmicitia_CicAmici,0.7924,0.6469,0.68,8735,0.7542,0.6634,0.6187,1786,0.5488,0.2167,0.1808,2644
Cicero discours,1,370694,20696,Cicero_InCatilinam_CicCat1,0.9674,0.9285,0.9335,3095,0.8906,0.7674,0.8032,658,0.9282,0.4155,0.4059,181
Cicero discours,2,370694,20696,Cicero_InCatilinam_CicCat1,0.9674,0.9239,0.9234,3095,0.8967,0.7218,0.7375,658,0.9061,0.37,0.3784,181
Ciceron petit,1,110859,5508,Cicero_InCatilinam_CicCat1,0.925,0.9009,0.8891,3095,0.8364,0.6727,0.7041,550,0.7436,0.1736,0.1729,429
Ciceron petit,2,110859,5508,Cicero_InCatilinam_CicCat1,0.9334,0.9088,0.9016,3095,0.8382,0.7209,0.7501,550,0.7739,0.2924,0.3609,429
Corpus divers,1,372877,19525,Cicero_InCatilinam_CicCat1,0.9347,0.9075,0.8849,3095,0.8603,0.76,0.7865,802,0.8615,0.4188,0.3484,325
Corpus divers,2,372877,19525,Cicero_InCatilinam_CicCat1,0.9464,0.8409,0.8267,3095,0.8653,0.7581,0.7757,802,0.8985,0.4061,0.4138,325
Horace_lucrece,1,86929,4626,Cicero_InCatilinam_CicCat1,0.8249,0.7627,0.7102,3095,0.7997,0.7162,0.704,584,0.5904,0.0992,0.107,852
Horace_lucrece,2,86929,4626,Cicero_InCatilinam_CicCat1,0.8391,0.8032,0.7772,3095,0.7928,0.6438,0.6609,584,0.6092,0.2184,0.1886,852
Ovide,1,90679,4730,Cicero_InCatilinam_CicCat1,0.8065,0.7138,0.653,3095,0.7296,0.4924,0.4998,514,0.5671,0.1751,0.1252,947
Ovide,2,90679,4730,Cicero_InCatilinam_CicCat1,0.822,0.7304,0.7156,3095,0.7276,0.4874,0.5256,514,0.6061,0.2739,0.1765,947
Prose,1,243959,13075,Cicero_InCatilinam_CicCat1,0.9321,0.9049,0.8933,3095,0.8568,0.7552,0.7959,733,0.8464,0.3578,0.3928,358
Prose,2,243959,13075,Cicero_InCatilinam_CicCat1,0.9409,0.8996,0.8932,3095,0.8581,0.6574,0.7201,733,0.8659,0.6512,0.6291,358
Seneque lucilium,1,112818,5983,Cicero_InCatilinam_CicCat1,0.8808,0.9041,0.86,3095,0.7664,0.8248,0.788,518,0.6897,0.1762,0.1337,638
Seneque lucilium,2,112818,5983,Cicero_InCatilinam_CicCat1,0.8979,0.8448,0.8219,3095,0.7587,0.6732,0.6923,518,0.7461,0.2878,0.2552,638
Seneque philo autres,1,111329,6221,Cicero_InCatilinam_CicCat1,0.883,0.8493,0.8014,3095,0.7737,0.6406,0.6609,570,0.713,0.1727,0.1962,575
Seneque philo autres,2,111329,6221,Cicero_InCatilinam_CicCat1,0.9008,0.8893,0.8481,3095,0.7842,0.697,0.7113,570,0.7617,0.1329,0.175,575
Tacite,1,111431,6121,Cicero_InCatilinam_CicCat1,0.8746,0.7741,0.7653,3095,0.7901,0.5693,0.6525,586,0.6812,0.1952,0.1526,643
Tacite,2,111431,6121,Cicero_InCatilinam_CicCat1,0.8798,0.829,0.7649,3095,0.773,0.5772,0.6576,586,0.7216,0.2875,0.2461,643
Theatre plaute seneque,1,110172,5399,Cicero_InCatilinam_CicCat1,0.8614,0.7766,0.7528,3095,0.8308,0.6615,0.7037,650,0.6628,0.2009,0.1715,777
Theatre plaute seneque,2,110172,5399,Cicero_InCatilinam_CicCat1,0.8801,0.7786,0.7785,3095,0.82,0.6172,0.6811,650,0.7117,0.2287,0.1508,777
Vers,1,246514,13203,Cicero_InCatilinam_CicCat1,0.8837,0.8253,0.7913,3095,0.8038,0.6716,0.6969,688,0.7179,0.1657,0.1573,663
Vers,2,246514,13203,Cicero_InCatilinam_CicCat1,0.8937,0.8145,0.7965,3095,0.8009,0.6646,0.6942,688,0.7526,0.287,0.1949,663
Virgile,1,82977,4511,Cicero_InCatilinam_CicCat1,0.8019,0.6933,0.6626,3095,0.7579,0.5622,0.6284,537,0.5741,0.0909,0.0966,965
Virgile,2,82977,4511,Cicero_InCatilinam_CicCat1,0.81,0.667,0.6579,3095,0.7374,0.5021,0.5462,537,0.5699,0.1918,0.2104,965
Cicero discours,1,370694,20696,Curtius_CurtiusHistoriaeAlexandriMagni_QCurt03,0.9063,0.8665,0.8398,6776,0.8523,0.7718,0.7848,1158,0.7949,0.2342,0.1857,1399
Cicero discours,2,370694,20696,Curtius_CurtiusHistoriaeAlexandriMagni_QCurt03,0.9218,0.9198,0.894,6776,0.8601,0.7956,0.7898,1158,0.8335,0.5103,0.4671,1399
Ciceron petit,1,110859,5508,Curtius_CurtiusHistoriaeAlexandriMagni_QCurt03,0.8532,0.7709,0.8043,6776,0.8122,0.6904,0.7376,980,0.6504,0.0839,0.1272,2065
Ciceron petit,2,110859,5508,Curtius_CurtiusHistoriaeAlexandriMagni_QCurt03,0.8684,0.7416,0.7849,6776,0.8153,0.7311,0.7386,980,0.6954,0.1845,0.1588,2065
Corpus divers,1,372877,19525,Curtius_CurtiusHistoriaeAlexandriMagni_QCurt03,0.9525,0.9118,0.8597,6776,0.8853,0.8885,0.8196,1613,0.8623,0.7209,0.5217,494
Corpus divers,2,372877,19525,Curtius_CurtiusHistoriaeAlexandriMagni_QCurt03,0.9572,0.931,0.8946,6776,0.8828,0.7481,0.734,1613,0.8866,0.5234,0.4635,494
Horace_lucrece,1,86929,4626,Curtius_CurtiusHistoriaeAlexandriMagni_QCurt03,0.8301,0.7724,0.6985,6776,0.7738,0.7096,0.6618,1189,0.654,0.1147,0.1458,2127
Horace_lucrece,2,86929,4626,Curtius_CurtiusHistoriaeAlexandriMagni_QCurt03,0.8381,0.7847,0.7137,6776,0.783,0.6591,0.6905,1189,0.6634,0.2932,0.2122,2127
Ovide,1,90679,4730,Curtius_CurtiusHistoriaeAlexandriMagni_QCurt03,0.8005,0.7752,0.633,6776,0.7559,0.642,0.5505,967,0.6096,0.0922,0.1241,2500
Ovide,2,90679,4730,Curtius_CurtiusHistoriaeAlexandriMagni_QCurt03,0.8114,0.7243,0.6608,6776,0.7766,0.6942,0.6135,967,0.6232,0.1525,0.1472,2500
Prose,1,243959,13075,Curtius_CurtiusHistoriaeAlexandriMagni_QCurt03,0.9556,0.9365,0.8834,6776,0.893,0.8377,0.8136,1439,0.8576,0.4367,0.3818,576
Prose,2,243959,13075,Curtius_CurtiusHistoriaeAlexandriMagni_QCurt03,0.9585,0.9237,0.8842,6776,0.8923,0.8268,0.8061,1439,0.8698,0.5331,0.4527,576
Seneque lucilium,1,112818,5983,Curtius_CurtiusHistoriaeAlexandriMagni_QCurt03,0.8654,0.7256,0.6912,6776,0.7898,0.6944,0.6868,985,0.6842,0.1436,0.1393,1859
Seneque lucilium,2,112818,5983,Curtius_CurtiusHistoriaeAlexandriMagni_QCurt03,0.8849,0.771,0.7193,6776,0.7959,0.737,0.7692,985,0.7289,0.2181,0.2257,1859
Seneque philo autres,1,111329,6221,Curtius_CurtiusHistoriaeAlexandriMagni_QCurt03,0.8744,0.7565,0.7091,6776,0.817,0.7137,0.6813,1049,0.709,0.1435,0.1701,1660
Seneque philo autres,2,111329,6221,Curtius_CurtiusHistoriaeAlexandriMagni_QCurt03,0.8915,0.7515,0.7017,6776,0.8294,0.7272,0.7405,1049,0.7494,0.2137,0.2016,1660
Tacite,1,111431,6121,Curtius_CurtiusHistoriaeAlexandriMagni_QCurt03,0.9014,0.7877,0.7644,6776,0.8211,0.7367,0.7322,1140,0.766,0.3262,0.2587,1329
Tacite,2,111431,6121,Curtius_CurtiusHistoriaeAlexandriMagni_QCurt03,0.915,0.8691,0.8026,6776,0.8351,0.7442,0.7474,1140,0.7991,0.2655,0.2322,1329
Theatre plaute seneque,1,110172,5399,Curtius_CurtiusHistoriaeAlexandriMagni_QCurt03,0.8275,0.6642,0.6326,6776,0.7786,0.6259,0.6478,1278,0.6554,0.1402,0.1369,2049
Theatre plaute seneque,2,110172,5399,Curtius_CurtiusHistoriaeAlexandriMagni_QCurt03,0.8639,0.7887,0.7307,6776,0.8161,0.6426,0.6182,1278,0.7042,0.2145,0.2111,2049
Vers,1,246514,13203,Curtius_CurtiusHistoriaeAlexandriMagni_QCurt03,0.887,0.8056,0.7301,6776,0.8107,0.6192,0.6061,1379,0.7745,0.2294,0.2655,1650
Vers,2,246514,13203,Curtius_CurtiusHistoriaeAlexandriMagni_QCurt03,0.8945,0.829,0.7876,6776,0.7919,0.5836,0.6093,1379,0.8061,0.495,0.4894,1650
Virgile,1,82977,4511,Curtius_CurtiusHistoriaeAlexandriMagni_QCurt03,0.8014,0.6924,0.6118,6776,0.7271,0.5054,0.4944,1048,0.6193,0.0819,0.0902,2356
Virgile,2,82977,4511,Curtius_CurtiusHistoriaeAlexandriMagni_QCurt03,0.8229,0.6759,0.6507,6776,0.751,0.5868,0.6123,1048,0.6396,0.1353,0.114,2356
Cicero discours,1,370694,20696,Horatius_Epodi_HorEpodi,0.8118,0.7606,0.7546,2896,0.732,0.6204,0.6416,388,0.6586,0.198,0.1936,993
Cicero discours,2,370694,20696,Horatius_Epodi_HorEpodi,0.8322,0.8582,0.841,2896,0.7191,0.6416,0.6387,388,0.6969,0.2085,0.2634,993
Ciceron petit,1,110859,5508,Horatius_Epodi_HorEpodi,0.7483,0.7358,0.7426,2896,0.7373,0.6303,0.5985,335,0.5443,0.1607,0.1575,1310
Ciceron petit,2,110859,5508,Horatius_Epodi_HorEpodi,0.7659,0.7411,0.7369,2896,0.7403,0.6399,0.6404,335,0.584,0.1227,0.1082,1310
Corpus divers,1,372877,19525,Horatius_Epodi_HorEpodi,0.9026,0.8705,0.8623,2896,0.7926,0.6856,0.6775,593,0.7615,0.5399,0.5697,390
Corpus divers,2,372877,19525,Horatius_Epodi_HorEpodi,0.9192,0.8565,0.8612,2896,0.7993,0.7138,0.6996,593,0.8205,0.8805,0.7474,390
Horace_lucrece,1,86929,4626,Horatius_Epodi_HorEpodi,0.8391,0.8491,0.8284,2896,0.7516,0.6727,0.6673,459,0.6041,0.5311,0.5335,725
Horace_lucrece,2,86929,4626,Horatius_Epodi_HorEpodi,0.8577,0.8407,0.849,2896,0.7625,0.6904,0.6779,459,0.651,0.2647,0.2667,725
Ovide,1,90679,4730,Horatius_Epodi_HorEpodi,0.828,0.8346,0.8055,2896,0.7574,0.6913,0.65,404,0.5904,0.203,0.1685,835
Ovide,2,90679,4730,Horatius_Epodi_HorEpodi,0.8419,0.8434,0.8304,2896,0.7624,0.7566,0.6788,404,0.6299,0.278,0.3034,835
Prose,1,243959,13075,Horatius_Epodi_HorEpodi,0.8453,0.8014,0.776,2896,0.7825,0.6776,0.65,492,0.6996,0.3438,0.2463,809
Prose,2,243959,13075,Horatius_Epodi_HorEpodi,0.8564,0.871,0.8606,2896,0.7724,0.7051,0.6814,492,0.712,0.2711,0.1993,809
Seneque lucilium,1,112818,5983,Horatius_Epodi_HorEpodi,0.7925,0.7493,0.7185,2896,0.6762,0.5898,0.5929,386,0.5948,0.129,0.1282,1007
Seneque lucilium,2,112818,5983,Horatius_Epodi_HorEpodi,0.8187,0.8111,0.769,2896,0.7383,0.6776,0.6955,386,0.6356,0.1998,0.1515,1007
Seneque philo autres,1,111329,6221,Horatius_Epodi_HorEpodi,0.7869,0.8385,0.8055,2896,0.7293,0.6863,0.7115,399,0.5805,0.1773,0.1801,1006
Seneque philo autres,2,111329,6221,Horatius_Epodi_HorEpodi,0.8035,0.7414,0.6937,2896,0.7343,0.695,0.6632,399,0.6183,0.1734,0.1747,1006
Tacite,1,111431,6121,Horatius_Epodi_HorEpodi,0.7887,0.8077,0.7741,2896,0.7551,0.5954,0.6369,392,0.6076,0.2309,0.2658,1129
Tacite,2,111431,6121,Horatius_Epodi_HorEpodi,0.8125,0.7441,0.7264,2896,0.7934,0.6395,0.6761,392,0.6475,0.1411,0.1684,1129
Theatre plaute seneque,1,110172,5399,Horatius_Epodi_HorEpodi,0.8273,0.8673,0.8215,2896,0.7742,0.6708,0.6559,496,0.6343,0.2066,0.2097,834
Theatre plaute seneque,2,110172,5399,Horatius_Epodi_HorEpodi,0.8394,0.8606,0.8643,2896,0.7762,0.7298,0.7005,496,0.6535,0.3446,0.3058,834
Vers,1,246514,13203,Horatius_Epodi_HorEpodi,0.8912,0.8678,0.8556,2896,0.7798,0.6642,0.636,554,0.7359,0.6272,0.465,496
Vers,2,246514,13203,Horatius_Epodi_HorEpodi,0.8954,0.8576,0.8459,2896,0.7798,0.7016,0.6553,554,0.7319,0.5209,0.4099,496
Virgile,1,82977,4511,Horatius_Epodi_HorEpodi,0.8132,0.8135,0.7971,2896,0.7239,0.6524,0.6669,431,0.591,0.2716,0.2689,885
Virgile,2,82977,4511,Horatius_Epodi_HorEpodi,0.8301,0.7973,0.7795,2896,0.768,0.7294,0.6849,431,0.6102,0.2437,0.2697,885
Cicero discours,1,370694,20696,Ovidius_InIbin_OviIbin,0.8231,0.7529,0.7518,4007,0.7062,0.5922,0.6249,725,0.6493,0.2014,0.2701,1115
Cicero discours,2,370694,20696,Ovidius_InIbin_OviIbin,0.8338,0.7476,0.7501,4007,0.6883,0.6386,0.6899,725,0.6852,0.2083,0.2631,1115
Ciceron petit,1,110859,5508,Ovidius_InIbin_OviIbin,0.7654,0.6675,0.6735,4007,0.6386,0.6002,0.6123,617,0.5623,0.0874,0.0853,1485
Ciceron petit,2,110859,5508,Ovidius_InIbin_OviIbin,0.7754,0.672,0.6896,4007,0.624,0.5568,0.5598,617,0.5939,0.0858,0.081,1485
Corpus divers,1,372877,19525,Ovidius_InIbin_OviIbin,0.9044,0.8906,0.8496,4007,0.7643,0.6131,0.6035,976,0.7846,0.8265,0.8251,390
Corpus divers,2,372877,19525,Ovidius_InIbin_OviIbin,0.9174,0.8851,0.8358,4007,0.7736,0.6331,0.6591,976,0.8179,0.6033,0.6037,390
Horace_lucrece,1,86929,4626,Ovidius_InIbin_OviIbin,0.8298,0.7637,0.724,4007,0.7339,0.6562,0.6526,774,0.582,0.1485,0.1492,902
Horace_lucrece,2,86929,4626,Ovidius_InIbin_OviIbin,0.8577,0.7738,0.7568,4007,0.7997,0.6221,0.6364,774,0.6319,0.2371,0.2017,902
Ovide,1,90679,4730,Ovidius_InIbin_OviIbin,0.8757,0.8611,0.803,4007,0.7287,0.6036,0.6041,693,0.6136,0.1753,0.173,660
Ovide,2,90679,4730,Ovidius_InIbin_OviIbin,0.879,0.817,0.8251,4007,0.7215,0.6089,0.6172,693,0.6364,0.2221,0.3092,660
Prose,1,243959,13075,Ovidius_InIbin_OviIbin,0.847,0.8041,0.7877,4007,0.7617,0.6577,0.6328,793,0.6711,0.2597,0.2615,912
Prose,2,243959,13075,Ovidius_InIbin_OviIbin,0.8647,0.8174,0.7654,4007,0.7907,0.6814,0.6821,793,0.6919,0.1968,0.1968,912
Seneque lucilium,1,112818,5983,Ovidius_InIbin_OviIbin,0.7929,0.6931,0.6899,4007,0.6746,0.6354,0.6957,710,0.5779,0.1379,0.1367,1168
Seneque lucilium,2,112818,5983,Ovidius_InIbin_OviIbin,0.8101,0.6808,0.7232,4007,0.7085,0.7002,0.7983,710,0.5976,0.1238,0.122,1168
Seneque philo autres,1,111329,6221,Ovidius_InIbin_OviIbin,0.7974,0.7239,0.7003,4007,0.6609,0.6777,0.6526,690,0.5783,0.1177,0.1211,1098
Seneque philo autres,2,111329,6221,Ovidius_InIbin_OviIbin,0.8191,0.6978,0.6867,4007,0.6957,0.6206,0.584,690,0.6138,0.1109,0.1108,1098
Tacite,1,111431,6121,Ovidius_InIbin_OviIbin,0.8081,0.7229,0.7235,4007,0.7578,0.638,0.6211,644,0.6014,0.1911,0.1287,1262
Tacite,2,111431,6121,Ovidius_InIbin_OviIbin,0.8211,0.7532,0.7555,4007,0.7873,0.6486,0.6475,644,0.6323,0.1788,0.2055,1262
Theatre plaute seneque,1,110172,5399,Ovidius_InIbin_OviIbin,0.8273,0.7333,0.6958,4007,0.6849,0.4641,0.5141,898,0.6179,0.1617,0.1628,827
Theatre plaute seneque,2,110172,5399,Ovidius_InIbin_OviIbin,0.857,0.7748,0.7622,4007,0.7261,0.5189,0.5493,898,0.6699,0.2079,0.1797,827
Vers,1,246514,13203,Ovidius_InIbin_OviIbin,0.9151,0.8985,0.8552,4007,0.7714,0.6989,0.7167,910,0.8161,0.564,0.5672,397
Vers,2,246514,13203,Ovidius_InIbin_OviIbin,0.9306,0.9124,0.8504,4007,0.811,0.6547,0.6875,910,0.8463,0.6416,0.6414,397
Virgile,1,82977,4511,Ovidius_InIbin_OviIbin,0.8283,0.7314,0.7435,4007,0.6721,0.4981,0.4817,677,0.5962,0.1393,0.1366,904
Virgile,2,82977,4511,Ovidius_InIbin_OviIbin,0.8448,0.7639,0.7672,4007,0.6647,0.4995,0.4606,677,0.635,0.2167,0.271,904
Cicero discours,1,370694,20696,Petronius_PetroniusSatiricon_PetronSa,0.8959,0.8378,0.8033,29114,0.8396,0.6884,0.6788,4463,0.7481,0.1653,0.1793,6992
Cicero discours,2,370694,20696,Petronius_PetroniusSatiricon_PetronSa,0.9065,0.8335,0.8105,29114,0.8497,0.7161,0.6857,4463,0.7722,0.1921,0.1978,6992
Ciceron petit,1,110859,5508,Petronius_PetroniusSatiricon_PetronSa,0.8417,0.7898,0.7421,29114,0.8251,0.6577,0.6353,4014,0.6336,0.1566,0.1468,9554
Ciceron petit,2,110859,5508,Petronius_PetroniusSatiricon_PetronSa,0.8577,0.816,0.77,29114,0.8119,0.715,0.6996,4014,0.6808,0.2267,0.227,9554
Corpus divers,1,372877,19525,Petronius_PetroniusSatiricon_PetronSa,0.9299,0.9299,0.8691,29114,0.8681,0.7837,0.7608,6340,0.844,0.313,0.3095,4392
Corpus divers,2,372877,19525,Petronius_PetroniusSatiricon_PetronSa,0.9356,0.9263,0.8594,29114,0.8699,0.7459,0.7429,6340,0.8477,0.4428,0.3364,4392
Horace_lucrece,1,86929,4626,Petronius_PetroniusSatiricon_PetronSa,0.8266,0.7816,0.6935,29114,0.8071,0.6753,0.6364,4977,0.6166,0.1147,0.1234,8974
Horace_lucrece,2,86929,4626,Petronius_PetroniusSatiricon_PetronSa,0.8402,0.8058,0.7362,29114,0.8176,0.7129,0.6788,4977,0.6354,0.2115,0.2303,8974
Ovide,1,90679,4730,Petronius_PetroniusSatiricon_PetronSa,0.8195,0.7646,0.6992,29114,0.7854,0.6407,0.6114,4049,0.594,0.1343,0.1192,9442
Ovide,2,90679,4730,Petronius_PetroniusSatiricon_PetronSa,0.8361,0.8431,0.7466,29114,0.7908,0.6263,0.5864,4049,0.6286,0.1437,0.1673,9442
Prose,1,243959,13075,Petronius_PetroniusSatiricon_PetronSa,0.9029,0.87,0.8248,29114,0.8506,0.7535,0.7318,5542,0.7877,0.1793,0.1583,6283
Prose,2,243959,13075,Petronius_PetroniusSatiricon_PetronSa,0.9138,0.881,0.8148,29114,0.8524,0.7051,0.7229,5542,0.8116,0.3598,0.3279,6283
Seneque lucilium,1,112818,5983,Petronius_PetroniusSatiricon_PetronSa,0.8706,0.8514,0.7667,29114,0.8235,0.7141,0.7238,4294,0.6765,0.1334,0.1128,7833
Seneque lucilium,2,112818,5983,Petronius_PetroniusSatiricon_PetronSa,0.8917,0.8715,0.7789,29114,0.8258,0.6844,0.6914,4294,0.7319,0.1877,0.1584,7833
Seneque philo autres,1,111329,6221,Petronius_PetroniusSatiricon_PetronSa,0.8604,0.8763,0.7978,29114,0.8276,0.71,0.6941,4727,0.6571,0.1798,0.1291,7698
Seneque philo autres,2,111329,6221,Petronius_PetroniusSatiricon_PetronSa,0.8812,0.8629,0.8082,29114,0.8396,0.7421,0.7448,4727,0.708,0.1549,0.189,7698
Tacite,1,111431,6121,Petronius_PetroniusSatiricon_PetronSa,0.84,0.7922,0.7101,29114,0.8039,0.6802,0.683,4580,0.6745,0.1752,0.1018,9299
Tacite,2,111431,6121,Petronius_PetroniusSatiricon_PetronSa,0.8565,0.8391,0.731,29114,0.8037,0.69,0.7283,4580,0.7082,0.1655,0.1837,9299
Theatre plaute seneque,1,110172,5399,Petronius_PetroniusSatiricon_PetronSa,0.8465,0.8535,0.732,29114,0.8272,0.7018,0.701,5424,0.6501,0.1286,0.1176,8296
Theatre plaute seneque,2,110172,5399,Petronius_PetroniusSatiricon_PetronSa,0.8757,0.8524,0.7682,29114,0.835,0.6813,0.73,5424,0.7132,0.2484,0.2186,8296
Vers,1,246514,13203,Petronius_PetroniusSatiricon_PetronSa,0.8941,0.8433,0.7766,29114,0.8275,0.6897,0.6943,5700,0.7532,0.1925,0.1536,6511
Vers,2,246514,13203,Petronius_PetroniusSatiricon_PetronSa,0.9031,0.9019,0.8061,29114,0.8326,0.7133,0.7123,5700,0.771,0.3571,0.2195,6511
Virgile,1,82977,4511,Petronius_PetroniusSatiricon_PetronSa,0.8004,0.7702,0.6627,29114,0.7552,0.5736,0.6132,4433,0.6026,0.1415,0.0728,10243
Virgile,2,82977,4511,Petronius_PetroniusSatiricon_PetronSa,0.8109,0.736,0.696,29114,0.7803,0.595,0.6103,4433,0.598,0.1625,0.1334,10243
Cicero discours,1,370694,20696,PseudoCaesar1_BellumAfricanum_BAfr,0.9292,0.8473,0.8136,12634,0.8684,0.6027,0.6351,2364,0.7657,0.3486,0.3596,1733
Cicero discours,2,370694,20696,PseudoCaesar1_BellumAfricanum_BAfr,0.9362,0.8624,0.818,12634,0.8828,0.6307,0.6392,2364,0.7859,0.3764,0.2867,1733
Ciceron petit,1,110859,5508,PseudoCaesar1_BellumAfricanum_BAfr,0.8813,0.7978,0.754,12634,0.8253,0.5352,0.5736,1969,0.6651,0.1458,0.1856,2920
Ciceron petit,2,110859,5508,PseudoCaesar1_BellumAfricanum_BAfr,0.8927,0.7762,0.771,12634,0.8207,0.5422,0.5789,1969,0.7027,0.1273,0.2024,2920
Corpus divers,1,372877,19525,PseudoCaesar1_BellumAfricanum_BAfr,0.9476,0.9162,0.8353,12634,0.8728,0.6539,0.6097,2861,0.8832,0.6454,0.575,1164
Corpus divers,2,372877,19525,PseudoCaesar1_BellumAfricanum_BAfr,0.9515,0.9191,0.834,12634,0.8696,0.6764,0.642,2861,0.8978,0.5827,0.4724,1164
Horace_lucrece,1,86929,4626,PseudoCaesar1_BellumAfricanum_BAfr,0.808,0.7185,0.6515,12634,0.7689,0.608,0.6393,2146,0.5977,0.0775,0.0823,4211
Horace_lucrece,2,86929,4626,PseudoCaesar1_BellumAfricanum_BAfr,0.8236,0.7315,0.6992,12634,0.7889,0.5936,0.628,2146,0.6257,0.1501,0.1252,4211
Ovide,1,90679,4730,PseudoCaesar1_BellumAfricanum_BAfr,0.7725,0.7084,0.5861,12634,0.7421,0.6066,0.5924,1733,0.5675,0.0873,0.0719,5006
Ovide,2,90679,4730,PseudoCaesar1_BellumAfricanum_BAfr,0.7826,0.68,0.6104,12634,0.7253,0.6272,0.6017,1733,0.5847,0.1126,0.0821,5006
Prose,1,243959,13075,PseudoCaesar1_BellumAfricanum_BAfr,0.949,0.8976,0.8279,12634,0.8764,0.6355,0.618,2679,0.8421,0.3039,0.2687,1197
Prose,2,243959,13075,PseudoCaesar1_BellumAfricanum_BAfr,0.9532,0.9195,0.8057,12634,0.8858,0.6298,0.6051,2679,0.8513,0.4015,0.374,1197
Seneque lucilium,1,112818,5983,PseudoCaesar1_BellumAfricanum_BAfr,0.8466,0.7762,0.6659,12634,0.7846,0.5991,0.6,1755,0.6452,0.1254,0.1451,3777
Seneque lucilium,2,112818,5983,PseudoCaesar1_BellumAfricanum_BAfr,0.8715,0.8184,0.7042,12634,0.8023,0.6729,0.6581,1755,0.7027,0.2308,0.1929,3777
Seneque philo autres,1,111329,6221,PseudoCaesar1_BellumAfricanum_BAfr,0.8419,0.7708,0.6608,12634,0.7831,0.6528,0.6517,1909,0.6158,0.0705,0.0773,3313
Seneque philo autres,2,111329,6221,PseudoCaesar1_BellumAfricanum_BAfr,0.8638,0.7631,0.668,12634,0.8229,0.6754,0.6934,1909,0.6568,0.1222,0.104,3313
Tacite,1,111431,6121,PseudoCaesar1_BellumAfricanum_BAfr,0.8829,0.7595,0.6573,12634,0.8059,0.6386,0.6268,2138,0.6792,0.1279,0.1093,2509
Tacite,2,111431,6121,PseudoCaesar1_BellumAfricanum_BAfr,0.8943,0.7485,0.6817,12634,0.8181,0.6909,0.709,2138,0.7142,0.1655,0.1347,2509
Theatre plaute seneque,1,110172,5399,PseudoCaesar1_BellumAfricanum_BAfr,0.807,0.6932,0.5936,12634,0.7808,0.5704,0.609,2368,0.6172,0.092,0.1112,4383
Theatre plaute seneque,2,110172,5399,PseudoCaesar1_BellumAfricanum_BAfr,0.8411,0.7742,0.6762,12634,0.8121,0.5973,0.6365,2368,0.6772,0.1679,0.1504,4383
Vers,1,246514,13203,PseudoCaesar1_BellumAfricanum_BAfr,0.8614,0.7549,0.7259,12634,0.7927,0.6257,0.6613,2364,0.7164,0.171,0.1682,3540
Vers,2,246514,13203,PseudoCaesar1_BellumAfricanum_BAfr,0.873,0.7846,0.7292,12634,0.797,0.6156,0.6322,2364,0.7438,0.242,0.1996,3540
Virgile,1,82977,4511,PseudoCaesar1_BellumAfricanum_BAfr,0.7732,0.7118,0.5628,12634,0.7057,0.5134,0.5089,1855,0.5778,0.0974,0.0674,4820
Virgile,2,82977,4511,PseudoCaesar1_BellumAfricanum_BAfr,0.7891,0.6932,0.6395,12634,0.7429,0.5618,0.5676,1855,0.5863,0.1817,0.1286,4820
Cicero discours,1,370694,20696,Sallustius_Catilina_SalCatil,0.9308,0.9094,0.9001,10020,0.8403,0.6248,0.6929,1991,0.7738,0.3496,0.2249,1136
Cicero discours,2,370694,20696,Sallustius_Catilina_SalCatil,0.9351,0.9089,0.9063,10020,0.8423,0.6737,0.7167,1991,0.8002,0.4505,0.3782,1136
Ciceron petit,1,110859,5508,Sallustius_Catilina_SalCatil,0.8844,0.8217,0.8136,10020,0.8048,0.603,0.7019,1675,0.6385,0.139,0.1665,1989
Ciceron petit,2,110859,5508,Sallustius_Catilina_SalCatil,0.8977,0.8134,0.8349,10020,0.7869,0.584,0.7064,1675,0.7109,0.1788,0.1898,1989
Corpus divers,1,372877,19525,Sallustius_Catilina_SalCatil,0.9389,0.8887,0.8549,10020,0.8644,0.6894,0.74,2441,0.8241,0.5808,0.412,887
Corpus divers,2,372877,19525,Sallustius_Catilina_SalCatil,0.944,0.9088,0.8872,10020,0.8767,0.6732,0.76,2441,0.8129,0.7167,0.5231,887
Horace_lucrece,1,86929,4626,Sallustius_Catilina_SalCatil,0.817,0.7485,0.7385,10020,0.7829,0.5987,0.6589,1792,0.5805,0.1315,0.0925,2961
Horace_lucrece,2,86929,4626,Sallustius_Catilina_SalCatil,0.8272,0.8084,0.7677,10020,0.7807,0.6307,0.698,1792,0.592,0.2185,0.1437,2961
Ovide,1,90679,4730,Sallustius_Catilina_SalCatil,0.7793,0.6986,0.6566,10020,0.6937,0.5088,0.5173,1381,0.5583,0.1273,0.0787,3527
Ovide,2,90679,4730,Sallustius_Catilina_SalCatil,0.7935,0.7417,0.7017,10020,0.6915,0.5105,0.5372,1381,0.5863,0.2325,0.1596,3527
Prose,1,243959,13075,Sallustius_Catilina_SalCatil,0.9375,0.889,0.8941,10020,0.8514,0.6508,0.7171,2228,0.813,0.4824,0.347,952
Prose,2,243959,13075,Sallustius_Catilina_SalCatil,0.9433,0.9438,0.8942,10020,0.8698,0.7465,0.7787,2228,0.8015,0.4196,0.3602,952
Seneque lucilium,1,112818,5983,Sallustius_Catilina_SalCatil,0.8636,0.8183,0.7443,10020,0.7589,0.5789,0.5992,1439,0.6679,0.142,0.1393,2382
Seneque lucilium,2,112818,5983,Sallustius_Catilina_SalCatil,0.8785,0.8724,0.7912,10020,0.7526,0.6219,0.6705,1439,0.7019,0.2391,0.2268,2382
Seneque philo autres,1,111329,6221,Sallustius_Catilina_SalCatil,0.8643,0.7954,0.7449,10020,0.7659,0.6315,0.7119,1555,0.6452,0.0952,0.1179,2035
Seneque philo autres,2,111329,6221,Sallustius_Catilina_SalCatil,0.8844,0.8468,0.7847,10020,0.7633,0.6161,0.6954,1555,0.7076,0.1314,0.1251,2035
Tacite,1,111431,6121,Sallustius_Catilina_SalCatil,0.8962,0.8114,0.7788,10020,0.7883,0.6528,0.7204,1800,0.7003,0.1754,0.1551,1615
Tacite,2,111431,6121,Sallustius_Catilina_SalCatil,0.9089,0.8545,0.7889,10020,0.7956,0.648,0.7168,1800,0.7653,0.3522,0.314,1615
Theatre plaute seneque,1,110172,5399,Sallustius_Catilina_SalCatil,0.8367,0.759,0.7548,10020,0.7889,0.5854,0.6079,2046,0.6543,0.129,0.1234,2812
Theatre plaute seneque,2,110172,5399,Sallustius_Catilina_SalCatil,0.8599,0.8148,0.8204,10020,0.7918,0.578,0.6295,2046,0.6981,0.1859,0.1823,2812
Vers,1,246514,13203,Sallustius_Catilina_SalCatil,0.8677,0.8343,0.7944,10020,0.7993,0.6387,0.6831,2073,0.6945,0.2126,0.1612,2360
Vers,2,246514,13203,Sallustius_Catilina_SalCatil,0.8794,0.8464,0.8169,10020,0.8037,0.6295,0.6969,2073,0.7186,0.2489,0.1793,2360
Virgile,1,82977,4511,Sallustius_Catilina_SalCatil,0.7696,0.7059,0.68,10020,0.6896,0.5178,0.5601,1540,0.5525,0.068,0.0777,3524
Virgile,2,82977,4511,Sallustius_Catilina_SalCatil,0.7848,0.6807,0.6925,10020,0.7409,0.5626,0.6059,1540,0.5457,0.1764,0.1123,3524
Cicero discours,1,370694,20696,Seneca_DeBrevitateVitae_SenBrevi,0.9096,0.868,0.8327,5883,0.7912,0.7345,0.7877,1116,0.7972,0.4396,0.3724,1011
Cicero discours,2,370694,20696,Seneca_DeBrevitateVitae_SenBrevi,0.9201,0.8661,0.8683,5883,0.7832,0.692,0.7157,1116,0.8388,0.3014,0.3396,1011
Ciceron petit,1,110859,5508,Seneca_DeBrevitateVitae_SenBrevi,0.8489,0.8273,0.7558,5883,0.7656,0.6932,0.7118,994,0.6348,0.1929,0.1182,1561
Ciceron petit,2,110859,5508,Seneca_DeBrevitateVitae_SenBrevi,0.8589,0.8003,0.7943,5883,0.7495,0.6747,0.699,994,0.6714,0.2722,0.2631,1561
Corpus divers,1,372877,19525,Seneca_DeBrevitateVitae_SenBrevi,0.9306,0.8877,0.8077,5883,0.8338,0.7784,0.7597,1582,0.8916,0.5015,0.4219,655
Corpus divers,2,372877,19525,Seneca_DeBrevitateVitae_SenBrevi,0.9368,0.8903,0.8552,5883,0.8445,0.7813,0.8135,1582,0.8885,0.4151,0.3265,655
Horace_lucrece,1,86929,4626,Seneca_DeBrevitateVitae_SenBrevi,0.8208,0.7365,0.6748,5883,0.7619,0.6345,0.615,1214,0.5855,0.0835,0.1095,1515
Horace_lucrece,2,86929,4626,Seneca_DeBrevitateVitae_SenBrevi,0.8387,0.7509,0.6952,5883,0.7735,0.6367,0.6701,1214,0.6198,0.1436,0.1321,1515
Ovide,1,90679,4730,Seneca_DeBrevitateVitae_SenBrevi,0.7982,0.7927,0.6773,5883,0.7257,0.7023,0.6611,966,0.5407,0.2057,0.1188,1755
Ovide,2,90679,4730,Seneca_DeBrevitateVitae_SenBrevi,0.8144,0.7847,0.6855,5883,0.735,0.5798,0.5812,966,0.5738,0.1693,0.1514,1755
Prose,1,243959,13075,Seneca_DeBrevitateVitae_SenBrevi,0.9167,0.8462,0.7714,5883,0.8258,0.6953,0.7178,1355,0.8279,0.373,0.2924,866
Prose,2,243959,13075,Seneca_DeBrevitateVitae_SenBrevi,0.9252,0.8799,0.8251,5883,0.8244,0.7568,0.7648,1355,0.8476,0.436,0.4015,866
Seneque lucilium,1,112818,5983,Seneca_DeBrevitateVitae_SenBrevi,0.9023,0.861,0.7952,5883,0.7937,0.704,0.7131,1081,0.7096,0.1727,0.157,916
Seneque lucilium,2,112818,5983,Seneca_DeBrevitateVitae_SenBrevi,0.925,0.8853,0.8307,5883,0.8159,0.8132,0.825,1081,0.7817,0.3042,0.2855,916
Seneque philo autres,1,111329,6221,Seneca_DeBrevitateVitae_SenBrevi,0.8967,0.8683,0.812,5883,0.8046,0.7095,0.7255,1182,0.6814,0.1128,0.1153,885
Seneque philo autres,2,111329,6221,Seneca_DeBrevitateVitae_SenBrevi,0.917,0.8773,0.8183,5883,0.808,0.7076,0.7261,1182,0.7672,0.1895,0.1308,885
Tacite,1,111431,6121,Seneca_DeBrevitateVitae_SenBrevi,0.8754,0.7637,0.7591,5883,0.7598,0.6987,0.6944,1124,0.7396,0.1339,0.1726,1344
Tacite,2,111431,6121,Seneca_DeBrevitateVitae_SenBrevi,0.8849,0.7659,0.7211,5883,0.7749,0.7775,0.7375,1124,0.7686,0.2967,0.2855,1344
Theatre plaute seneque,1,110172,5399,Seneca_DeBrevitateVitae_SenBrevi,0.8399,0.7787,0.6749,5883,0.8106,0.6727,0.645,1341,0.6321,0.1541,0.1249,1525
Theatre plaute seneque,2,110172,5399,Seneca_DeBrevitateVitae_SenBrevi,0.871,0.8092,0.7331,5883,0.8203,0.7528,0.7572,1341,0.7121,0.3349,0.2765,1525
Vers,1,246514,13203,Seneca_DeBrevitateVitae_SenBrevi,0.8781,0.8496,0.7646,5883,0.796,0.7038,0.6834,1402,0.7201,0.1779,0.1482,1179
Vers,2,246514,13203,Seneca_DeBrevitateVitae_SenBrevi,0.8943,0.8532,0.7722,5883,0.7989,0.6954,0.7161,1402,0.7718,0.2805,0.2572,1179
Virgile,1,82977,4511,Seneca_DeBrevitateVitae_SenBrevi,0.7772,0.7028,0.6425,5883,0.711,0.5976,0.6,1031,0.5443,0.077,0.0749,1907
Virgile,2,82977,4511,Seneca_DeBrevitateVitae_SenBrevi,0.7938,0.6954,0.6604,5883,0.7304,0.6576,0.6282,1031,0.56,0.2194,0.1528,1907
Cicero discours,1,370694,20696,Seneca_Medea_SenMedea,0.8518,0.8215,0.8233,5464,0.7708,0.6635,0.6459,698,0.6736,0.1663,0.2151,1544
Cicero discours,2,370694,20696,Seneca_Medea_SenMedea,0.8622,0.8328,0.8315,5464,0.7708,0.7203,0.6494,698,0.6982,0.2396,0.2923,1544
Ciceron petit,1,110859,5508,Seneca_Medea_SenMedea,0.7904,0.7891,0.7776,5464,0.7809,0.7489,0.7085,575,0.5808,0.1094,0.1416,2173
Ciceron petit,2,110859,5508,Seneca_Medea_SenMedea,0.8012,0.752,0.784,5464,0.7583,0.6696,0.6734,575,0.6042,0.114,0.1469,2173
Corpus divers,1,372877,19525,Seneca_Medea_SenMedea,0.9242,0.8808,0.869,5464,0.8166,0.8048,0.7784,1063,0.7857,0.3174,0.3251,490
Corpus divers,2,372877,19525,Seneca_Medea_SenMedea,0.9354,0.8036,0.7936,5464,0.8231,0.6912,0.6842,1063,0.8122,0.2897,0.2988,490
Horace_lucrece,1,86929,4626,Seneca_Medea_SenMedea,0.8433,0.8304,0.7934,5464,0.7624,0.6381,0.5984,787,0.6167,0.1938,0.1939,1354
Horace_lucrece,2,86929,4626,Seneca_Medea_SenMedea,0.8536,0.7538,0.7426,5464,0.7662,0.6855,0.6618,787,0.6374,0.371,0.2729,1354
Ovide,1,90679,4730,Seneca_Medea_SenMedea,0.8615,0.8039,0.7377,5464,0.7566,0.6041,0.5665,719,0.5866,0.0953,0.0951,1161
Ovide,2,90679,4730,Seneca_Medea_SenMedea,0.8726,0.832,0.8081,5464,0.7663,0.6635,0.6305,719,0.6072,0.1091,0.1486,1161
Prose,1,243959,13075,Seneca_Medea_SenMedea,0.8702,0.812,0.7782,5464,0.7944,0.7078,0.6949,822,0.7164,0.1716,0.1654,1259
Prose,2,243959,13075,Seneca_Medea_SenMedea,0.8834,0.86,0.8148,5464,0.792,0.7188,0.6716,822,0.7347,0.1698,0.1794,1259
Seneque lucilium,1,112818,5983,Seneca_Medea_SenMedea,0.8316,0.8432,0.7795,5464,0.7437,0.6977,0.6596,675,0.6102,0.117,0.1304,1629
Seneque lucilium,2,112818,5983,Seneca_Medea_SenMedea,0.8433,0.855,0.7903,5464,0.757,0.7405,0.7014,675,0.6268,0.2135,0.1542,1629
Seneque philo autres,1,111329,6221,Seneca_Medea_SenMedea,0.8241,0.8209,0.7767,5464,0.764,0.6988,0.6825,712,0.5818,0.0966,0.0978,1516
Seneque philo autres,2,111329,6221,Seneca_Medea_SenMedea,0.8342,0.7991,0.7359,5464,0.7612,0.681,0.6558,712,0.6009,0.2132,0.2312,1516
Tacite,1,111431,6121,Seneca_Medea_SenMedea,0.8133,0.7475,0.6945,5464,0.7339,0.6421,0.598,669,0.6268,0.1124,0.153,1747
Tacite,2,111431,6121,Seneca_Medea_SenMedea,0.8316,0.8161,0.7522,5464,0.7205,0.6982,0.6371,669,0.6651,0.2143,0.2298,1747
Theatre plaute seneque,1,110172,5399,Seneca_Medea_SenMedea,0.8984,0.8464,0.7979,5464,0.8207,0.6844,0.6459,948,0.6548,0.1507,0.1514,759
Theatre plaute seneque,2,110172,5399,Seneca_Medea_SenMedea,0.9231,0.8706,0.8468,5464,0.8428,0.7272,0.7463,948,0.7352,0.3409,0.2587,759
Vers,1,246514,13203,Seneca_Medea_SenMedea,0.9195,0.8387,0.827,5464,0.8024,0.7274,0.7165,1007,0.7566,0.3534,0.3563,645
Vers,2,246514,13203,Seneca_Medea_SenMedea,0.9279,0.8817,0.8584,5464,0.8232,0.7483,0.7276,1007,0.7659,0.4647,0.4608,645
Virgile,1,82977,4511,Seneca_Medea_SenMedea,0.8441,0.8425,0.7831,5464,0.7904,0.7089,0.7041,706,0.5788,0.1832,0.1599,1320
Virgile,2,82977,4511,Seneca_Medea_SenMedea,0.8631,0.8195,0.7989,5464,0.7875,0.701,0.7016,706,0.6235,0.2936,0.2866,1320
Cicero discours,1,370694,20696,Tacitus_TacGermania_TacGerma,0.8911,0.8768,0.8633,5333,0.7973,0.6758,0.7405,962,0.7765,0.3328,0.3494,1208
Cicero discours,2,370694,20696,Tacitus_TacGermania_TacGerma,0.898,0.8024,0.7869,5333,0.7786,0.6089,0.645,962,0.798,0.275,0.2372,1208
Ciceron petit,1,110859,5508,Tacitus_TacGermania_TacGerma,0.8365,0.7739,0.7874,5333,0.778,0.6216,0.6983,829,0.6571,0.1138,0.1434,1706
Ciceron petit,2,110859,5508,Tacitus_TacGermania_TacGerma,0.8491,0.7522,0.7502,5333,0.7455,0.5841,0.6409,829,0.7046,0.2934,0.304,1706
Corpus divers,1,372877,19525,Tacitus_TacGermania_TacGerma,0.9359,0.8943,0.8863,5333,0.8402,0.7417,0.7367,1333,0.8743,0.5036,0.4174,557
Corpus divers,2,372877,19525,Tacitus_TacGermania_TacGerma,0.9469,0.9147,0.8855,5333,0.8545,0.8009,0.8103,1333,0.9031,0.7071,0.6605,557
Horace_lucrece,1,86929,4626,Tacitus_TacGermania_TacGerma,0.8054,0.7477,0.7374,5333,0.7914,0.7002,0.688,1045,0.5955,0.153,0.1346,1617
Horace_lucrece,2,86929,4626,Tacitus_TacGermania_TacGerma,0.829,0.7971,0.7885,5333,0.7952,0.6548,0.6875,1045,0.6407,0.2422,0.1971,1617
Ovide,1,90679,4730,Tacitus_TacGermania_TacGerma,0.8007,0.7115,0.6733,5333,0.7334,0.6062,0.6307,754,0.5843,0.1137,0.1007,1737
Ovide,2,90679,4730,Tacitus_TacGermania_TacGerma,0.8179,0.7787,0.7351,5333,0.7281,0.5701,0.5762,754,0.6258,0.3295,0.1913,1737
Prose,1,243959,13075,Tacitus_TacGermania_TacGerma,0.9353,0.8607,0.8571,5333,0.8463,0.7084,0.7413,1197,0.8526,0.7232,0.6804,665
Prose,2,243959,13075,Tacitus_TacGermania_TacGerma,0.9402,0.9081,0.8668,5333,0.8388,0.7511,0.7221,1197,0.8752,0.59,0.6154,665
Seneque lucilium,1,112818,5983,Tacitus_TacGermania_TacGerma,0.8633,0.8289,0.81,5333,0.7829,0.6373,0.6382,852,0.6752,0.2254,0.1592,1373
Seneque lucilium,2,112818,5983,Tacitus_TacGermania_TacGerma,0.8862,0.8549,0.7969,5333,0.8016,0.6613,0.7046,852,0.7232,0.243,0.2152,1373
Seneque philo autres,1,111329,6221,Tacitus_TacGermania_TacGerma,0.8612,0.8515,0.832,5333,0.7993,0.6742,0.7257,922,0.6606,0.1358,0.1239,1273
Seneque philo autres,2,111329,6221,Tacitus_TacGermania_TacGerma,0.8813,0.8342,0.8044,5333,0.7842,0.6881,0.7119,922,0.7361,0.2352,0.1941,1273
Tacite,1,111431,6121,Tacitus_TacGermania_TacGerma,0.9061,0.8309,0.8178,5333,0.8115,0.6563,0.6765,1029,0.7625,0.1737,0.1745,918
Tacite,2,111431,6121,Tacitus_TacGermania_TacGerma,0.9181,0.9162,0.8486,5333,0.827,0.6982,0.7356,1029,0.8017,0.4738,0.3644,918
Theatre plaute seneque,1,110172,5399,Tacitus_TacGermania_TacGerma,0.8172,0.7419,0.7007,5333,0.7891,0.5412,0.5494,1105,0.614,0.3054,0.1959,1609
Theatre plaute seneque,2,110172,5399,Tacitus_TacGermania_TacGerma,0.8537,0.7543,0.7295,5333,0.81,0.6156,0.618,1105,0.6936,0.3362,0.2152,1609
Vers,1,246514,13203,Tacitus_TacGermania_TacGerma,0.8845,0.7795,0.7645,5333,0.8079,0.6671,0.7086,1192,0.7682,0.2993,0.2081,1212
Vers,2,246514,13203,Tacitus_TacGermania_TacGerma,0.8974,0.7883,0.787,5333,0.8163,0.722,0.7082,1192,0.7921,0.5683,0.465,1212
Virgile,1,82977,4511,Tacitus_TacGermania_TacGerma,0.7971,0.6859,0.6489,5333,0.7576,0.5459,0.556,883,0.5962,0.0892,0.0989,1788
Virgile,2,82977,4511,Tacitus_TacGermania_TacGerma,0.8147,0.7424,0.7194,5333,0.795,0.5794,0.566,883,0.6001,0.1814,0.1762,1788
Cicero discours,1,370694,20696,Vergilius_Eclogae_VergEclo,0.8516,0.839,0.8217,5424,0.745,0.6283,0.6545,702,0.7087,0.2624,0.2046,1768
Cicero discours,2,370694,20696,Vergilius_Eclogae_VergEclo,0.8551,0.8298,0.8178,5424,0.7479,0.6252,0.6276,702,0.7104,0.1677,0.1383,1768
Ciceron petit,1,110859,5508,Vergilius_Eclogae_VergEclo,0.7966,0.8067,0.7539,5424,0.7282,0.6278,0.6587,618,0.6269,0.153,0.1313,2294
Ciceron petit,2,110859,5508,Vergilius_Eclogae_VergEclo,0.8038,0.7974,0.7798,5424,0.7087,0.6178,0.6701,618,0.6425,0.1982,0.2241,2294
Corpus divers,1,372877,19525,Vergilius_Eclogae_VergEclo,0.9316,0.9134,0.8967,5424,0.8066,0.7236,0.7075,1055,0.8416,0.461,0.4765,587
Corpus divers,2,372877,19525,Vergilius_Eclogae_VergEclo,0.9377,0.9056,0.8991,5424,0.8,0.7106,0.7453,1055,0.8722,0.4093,0.4133,587
Horace_lucrece,1,86929,4626,Vergilius_Eclogae_VergEclo,0.8717,0.8486,0.7708,5424,0.7569,0.6791,0.6476,872,0.6997,0.1432,0.1446,1212
Horace_lucrece,2,86929,4626,Vergilius_Eclogae_VergEclo,0.8846,0.8562,0.8354,5424,0.7729,0.7211,0.7139,872,0.7145,0.1867,0.1415,1212
Ovide,1,90679,4730,Vergilius_Eclogae_VergEclo,0.8916,0.8497,0.8104,5424,0.7388,0.7054,0.6621,712,0.7123,0.178,0.1786,1102
Ovide,2,90679,4730,Vergilius_Eclogae_VergEclo,0.9004,0.8781,0.8326,5424,0.7472,0.6202,0.6087,712,0.7341,0.1798,0.2189,1102
Prose,1,243959,13075,Vergilius_Eclogae_VergEclo,0.861,0.8748,0.8347,5424,0.7658,0.6241,0.6469,871,0.7347,0.1826,0.2159,1466
Prose,2,243959,13075,Vergilius_Eclogae_VergEclo,0.8778,0.869,0.8135,5424,0.7612,0.6844,0.6726,871,0.7742,0.4258,0.2916,1466
Seneque lucilium,1,112818,5983,Vergilius_Eclogae_VergEclo,0.8324,0.774,0.7157,5424,0.7162,0.6207,0.6081,659,0.6512,0.084,0.0856,1749
Seneque lucilium,2,112818,5983,Vergilius_Eclogae_VergEclo,0.8427,0.8175,0.7348,5424,0.7193,0.6135,0.6147,659,0.6667,0.1565,0.1259,1749
Seneque philo autres,1,111329,6221,Vergilius_Eclogae_VergEclo,0.8079,0.7856,0.7447,5424,0.7157,0.6183,0.6497,693,0.6082,0.2146,0.133,1848
Seneque philo autres,2,111329,6221,Vergilius_Eclogae_VergEclo,0.8304,0.8059,0.7423,5424,0.7085,0.5882,0.6023,693,0.664,0.1686,0.1687,1848
Tacite,1,111431,6121,Vergilius_Eclogae_VergEclo,0.8108,0.789,0.6998,5424,0.7268,0.5881,0.6079,710,0.6566,0.118,0.1223,2027
Tacite,2,111431,6121,Vergilius_Eclogae_VergEclo,0.8272,0.7921,0.715,5424,0.7254,0.6733,0.7143,710,0.6941,0.1585,0.169,2027
Theatre plaute seneque,1,110172,5399,Vergilius_Eclogae_VergEclo,0.8555,0.8259,0.7832,5424,0.7799,0.6317,0.602,886,0.666,0.155,0.2205,1404
Theatre plaute seneque,2,110172,5399,Vergilius_Eclogae_VergEclo,0.8844,0.9014,0.8806,5424,0.8104,0.7056,0.6833,886,0.7244,0.2353,0.2408,1404
Vers,1,246514,13203,Vergilius_Eclogae_VergEclo,0.934,0.912,0.8923,5424,0.7986,0.7657,0.7564,1003,0.8463,0.4639,0.4754,592
Vers,2,246514,13203,Vergilius_Eclogae_VergEclo,0.943,0.9217,0.9091,5424,0.8106,0.7293,0.7342,1003,0.8649,0.4022,0.4014,592
Virgile,1,82977,4511,Vergilius_Eclogae_VergEclo,0.9672,0.911,0.8945,5424,0.8559,0.8637,0.8102,826,0.5238,0.4664,0.4798,42
Virgile,2,82977,4511,Vergilius_Eclogae_VergEclo,0.9733,0.9366,0.9235,5424,0.8584,0.8259,0.784,826,0.6429,0.6019,0.5875,42
