,task,config,optimizer,cell,hidden,cemb,score,all-acc,all-pre,all-rec,kno-tok-acc,kno-tok-pre,kno-tok-rec,unk-tok-acc,unk-tok-pre,unk-tok-rec,amb-tok-acc,amb-tok-pre,amb-tok-rec,unk-tar-acc,unk-tar-pre,unk-tar-rec,rank-all-acc,rank-all-pre,rank-all-rec,rank-kno-tok-acc,rank-kno-tok-pre,rank-kno-tok-rec,rank-unk-tok-acc,rank-unk-tok-pre,rank-unk-tok-rec,rank-amb-tok-acc,rank-amb-tok-pre,rank-amb-tok-rec,rank-unk-tar-acc,rank-unk-tar-pre,rank-unk-tar-rec
./models/latin-upvc-single-Case-Case-2021_02_20-16_15_57.tar,Case,Adam-LSTM-H300-C150,Adam,LSTM,300,150,,94.64,90.38000000000001,88.82,94.86,91.05,89.56,90.18,74.51,70.96000000000001,88.53,87.46000000000001,86.19,0.0,0.0,0.0,2.0,5.0,1.0,3.0,5.5,1.0,2.0,5.0,6.0,2.0,6.0,1.0,0.0,0.0,0.0
./models/latin-upvc-single-Case-Case-2021_02_20-21_58_02.tar,Case,Adam-LSTM-H300-C150,Adam,LSTM,300,150,,94.67,89.95,87.87,94.89,90.78,88.47,90.24,72.28,76.57000000000001,88.62,87.39,85.25,0.0,0.0,0.0,1.0,7.0,3.0,1.0,7.0,3.0,1.0,6.0,3.0,1.0,7.0,4.0,0.0,0.0,0.0
./models/latin-upvc-single-Case-Case-2021_02_21-02_44_51.tar,Case,Adam-LSTM-H300-C150,Adam,LSTM,300,150,,94.15,91.0,86.33999999999999,94.41000000000001,91.72,86.92999999999999,88.82,67.7,65.4,87.74,87.86,83.91999999999999,0.0,0.0,0.0,8.0,2.0,9.0,8.0,2.0,9.0,9.0,9.0,9.0,8.0,4.0,9.0,0.0,0.0,0.0
./models/latin-upvc-single-Case-Case-2021_02_21-08_12_00.tar,Case,Adam-LSTM-H300-C150,Adam,LSTM,300,150,,94.28,90.75,86.88,94.52000000000001,91.38,87.6,89.42999999999999,77.44,70.47,88.0,87.94,84.86,0.0,0.0,0.0,7.0,4.0,8.0,7.0,3.0,8.0,6.0,3.5,7.0,6.0,2.5,7.0,0.0,0.0,0.0
./models/latin-upvc-single-Case-Case-2021_02_21-13_11_09.tar,Case,Adam-LSTM-H300-C150,Adam,LSTM,300,150,,94.43,89.57000000000001,87.77000000000001,94.69,90.64999999999999,88.46000000000001,89.28,71.39999999999999,71.50999999999999,88.23,87.49,84.91,0.0,0.0,0.0,5.0,9.0,4.0,5.0,8.0,4.0,7.0,7.0,5.0,5.0,5.0,6.0,0.0,0.0,0.0
./models/latin-upvc-single-Case-Case-2021_02_21-18_41_40.tar,Case,Adam-LSTM-H300-C150,Adam,LSTM,300,150,,94.63000000000001,91.10000000000001,87.47,94.87,91.97999999999999,88.06,89.67,77.44,70.03,88.5,88.05,85.17,0.0,0.0,0.0,3.0,1.0,6.0,2.0,1.0,6.0,4.0,3.5,8.0,3.0,1.0,5.0,0.0,0.0,0.0
./models/latin-upvc-single-Case-Case-2021_02_21-23_25_31.tar,Case,Adam-LSTM-H300-C150,Adam,LSTM,300,150,,94.54,90.88000000000001,87.72999999999999,94.77,91.33,88.32,89.89,77.91,76.75,88.39,87.94,85.38,0.0,0.0,0.0,4.0,3.0,5.0,4.0,4.0,5.0,3.0,2.0,2.0,4.0,2.5,3.0,0.0,0.0,0.0
./models/latin-upvc-single-Case-Case-2021_02_22-04_46_10.tar,Case,Adam-LSTM-H300-C150,Adam,LSTM,300,150,,94.32000000000001,89.62,88.06,94.56,90.16999999999999,88.53999999999999,89.45,80.55,79.05,87.96000000000001,86.63,85.6,0.0,0.0,0.0,6.0,8.0,2.0,6.0,9.0,2.0,5.0,1.0,1.0,7.0,9.0,2.0,0.0,0.0,0.0
./models/latin-upvc-single-Case-Case-2021_02_22-10_10_50.tar,Case,Adam-LSTM-H300-C150,Adam,LSTM,300,150,,94.12,90.36,87.02,94.37,91.05,87.69,89.14,68.19,73.76,87.62,87.25,84.3,0.0,0.0,0.0,9.0,6.0,7.0,9.0,5.5,7.0,8.0,8.0,4.0,9.0,8.0,8.0,0.0,0.0,0.0
./models/latin-upvc-single-Deg-Deg-2021_02_20-16_34_37.tar,Deg,Adam-LSTM-H300-C150,Adam,LSTM,300,150,,98.31,97.49,97.39,98.5,97.75,97.71,94.42,93.15,92.14,93.24,93.67999999999999,93.71000000000001,0.0,0.0,0.0,5.5,4.5,8.5,5.5,2.0,9.0,5.5,9.0,6.0,6.0,2.0,9.0,0.0,0.0,0.0
./models/latin-upvc-single-Deg-Deg-2021_02_20-22_23_32.tar,Deg,Adam-LSTM-H300-C150,Adam,LSTM,300,150,,98.36,97.25,97.99,98.55000000000001,97.43,98.31,94.42,93.64,92.99,93.39,93.07,95.1,0.0,0.0,0.0,3.5,7.0,1.0,3.0,6.0,1.0,5.5,8.0,3.0,3.0,7.0,1.0,0.0,0.0,0.0
./models/latin-upvc-single-Deg-Deg-2021_02_21-03_14_23.tar,Deg,Adam-LSTM-H300-C150,Adam,LSTM,300,150,,98.31,97.49,97.61,98.5,97.61999999999999,98.0,94.46,94.49,91.41,93.28,93.4,94.39,0.0,0.0,0.0,5.5,4.5,6.0,5.5,5.0,5.5,4.0,1.0,8.0,5.0,5.0,5.0,0.0,0.0,0.0
./models/latin-upvc-single-Deg-Deg-2021_02_21-08_52_32.tar,Deg,Adam-LSTM-H300-C150,Adam,LSTM,300,150,,98.41,97.61,97.83,98.59,97.78,98.1,94.72,94.19999999999999,93.23,93.57,93.78,94.69,0.0,0.0,0.0,1.0,1.0,2.0,1.0,1.0,2.0,2.0,4.0,1.0,1.0,1.0,2.0,0.0,0.0,0.0
./models/latin-upvc-single-Deg-Deg-2021_02_21-13_32_40.tar,Deg,Adam-LSTM-H300-C150,Adam,LSTM,300,150,,98.2,97.2,97.39,98.41,97.34,97.83,93.92,94.08,90.25,92.92,92.64,94.25,0.0,0.0,0.0,9.0,8.5,8.5,9.0,9.0,8.0,9.0,5.0,9.0,9.0,9.0,7.0,0.0,0.0,0.0
./models/latin-upvc-single-Deg-Deg-2021_02_21-19_12_41.tar,Deg,Adam-LSTM-H300-C150,Adam,LSTM,300,150,,98.36,97.54,97.7,98.54,97.69,98.02,94.67999999999999,94.45,92.54,93.32000000000001,93.51,94.38,0.0,0.0,0.0,3.5,2.0,4.0,4.0,3.5,4.0,3.0,2.0,4.0,4.0,4.0,6.0,0.0,0.0,0.0
./models/latin-upvc-single-Deg-Deg-2021_02_21-23_48_26.tar,Deg,Adam-LSTM-H300-C150,Adam,LSTM,300,150,,98.27,97.2,97.55,98.47,97.37,97.88,94.27,93.67,91.97999999999999,93.12,92.86999999999999,94.12,0.0,0.0,0.0,7.0,8.5,7.0,7.0,8.0,7.0,8.0,7.0,7.0,8.0,8.0,8.0,0.0,0.0,0.0
./models/latin-upvc-single-Deg-Deg-2021_02_22-05_07_42.tar,Deg,Adam-LSTM-H300-C150,Adam,LSTM,300,150,,98.26,97.28,97.68,98.46000000000001,97.41,98.0,94.33,94.31,92.31,93.19,93.14,94.44,0.0,0.0,0.0,8.0,6.0,5.0,8.0,7.0,5.5,7.0,3.0,5.0,7.0,6.0,4.0,0.0,0.0,0.0
./models/latin-upvc-single-Deg-Deg-2021_02_22-10_45_39.tar,Deg,Adam-LSTM-H300-C150,Adam,LSTM,300,150,,98.4,97.52,97.76,98.58,97.69,98.03,94.78,94.03,93.16,93.51,93.67,94.51,0.0,0.0,0.0,2.0,3.0,3.0,2.0,3.5,3.0,1.0,6.0,2.0,2.0,3.0,3.0,0.0,0.0,0.0
./models/latin-upvc-single-Dis-Dis-2021_02_20-17_10_55.tar,Dis,Adam-LSTM-H300-C150,Adam,LSTM,300,150,,97.96000000000001,88.98,89.53,98.0,89.07000000000001,89.63,97.08,69.72,69.91000000000001,93.05,87.53999999999999,87.92,0.0,0.0,0.0,2.0,3.0,8.0,2.5,3.0,8.0,1.0,5.0,1.0,2.0,3.0,8.0,0.0,0.0,0.0
./models/latin-upvc-single-Dis-Dis-2021_02_20-22_50_19.tar,Dis,Adam-LSTM-H300-C150,Adam,LSTM,300,150,,97.91,87.5,93.58,97.97,87.59,93.76,96.81,69.36,64.52,92.9,85.9,92.10000000000001,0.0,0.0,0.0,5.0,6.0,3.0,5.0,6.0,3.0,4.0,6.0,7.0,5.0,6.0,2.0,0.0,0.0,0.0
./models/latin-upvc-single-Dis-Dis-2021_02_21-03_37_07.tar,Dis,Adam-LSTM-H300-C150,Adam,LSTM,300,150,,97.78,87.19,93.82000000000001,97.87,87.33,94.01,95.94,66.06,63.980000000000004,92.69,85.71,92.36,0.0,0.0,0.0,8.0,7.0,1.0,7.5,7.0,1.0,8.0,8.0,8.0,7.0,7.0,1.0,0.0,0.0,0.0
./models/latin-upvc-single-Dis-Dis-2021_02_21-09_20_46.tar,Dis,Adam-LSTM-H300-C150,Adam,LSTM,300,150,,97.92999999999999,89.08,93.73,97.98,89.14999999999999,93.85,97.05,70.66,67.94,92.97,87.68,92.04,0.0,0.0,0.0,3.5,2.0,2.0,4.0,2.0,2.0,2.0,2.0,2.0,4.0,2.0,3.0,0.0,0.0,0.0
./models/latin-upvc-single-Dis-Dis-2021_02_21-13_57_59.tar,Dis,Adam-LSTM-H300-C150,Adam,LSTM,300,150,,97.88,86.69,90.33,97.95,86.8,90.49000000000001,96.54,68.51,65.62,92.82000000000001,85.19,88.82,0.0,0.0,0.0,6.0,8.0,7.0,6.0,8.0,7.0,7.0,7.0,6.0,6.0,8.0,7.0,0.0,0.0,0.0
./models/latin-upvc-single-Dis-Dis-2021_02_21-19_42_17.tar,Dis,Adam-LSTM-H300-C150,Adam,LSTM,300,150,,97.92999999999999,89.21,90.89,98.0,89.3,91.05,96.58,69.89999999999999,66.43,93.02,87.8,89.34,0.0,0.0,0.0,3.5,1.0,6.0,2.5,1.0,6.0,6.0,3.0,5.0,3.0,1.0,6.0,0.0,0.0,0.0
./models/latin-upvc-single-Dis-Dis-2021_02_22-00_11_20.tar,Dis,Adam-LSTM-H300-C150,Adam,LSTM,300,150,,97.82,87.59,92.66,97.87,87.67,92.80000000000001,96.64,70.7,66.53,92.66,86.14,90.85,0.0,0.0,0.0,7.0,5.0,4.0,7.5,5.0,4.0,5.0,1.0,4.0,8.0,5.0,5.0,0.0,0.0,0.0
./models/latin-upvc-single-Dis-Dis-2021_02_22-05_37_14.tar,Dis,Adam-LSTM-H300-C150,Adam,LSTM,300,150,,98.02,88.4,92.43,98.07000000000001,88.49000000000001,92.57,96.92,69.78,67.54,93.2,86.89,90.95,0.0,0.0,0.0,1.0,4.0,5.0,1.0,4.0,5.0,3.0,4.0,3.0,1.0,4.0,4.0,0.0,0.0,0.0
./models/latin-upvc-single-Gend-Gend-2021_02_20-17_47_26.tar,Gend,Adam-LSTM-H300-C150,Adam,LSTM,300,150,,97.44,94.28999999999999,93.99,97.63,94.55,94.39,93.5,90.09,88.14999999999999,91.71000000000001,92.12,92.14,0.0,0.0,0.0,1.0,1.0,3.0,1.0,1.0,3.0,1.0,1.0,2.0,1.0,1.0,2.0,0.0,0.0,0.0
./models/latin-upvc-single-Gend-Gend-2021_02_20-23_18_31.tar,Gend,Adam-LSTM-H300-C150,Adam,LSTM,300,150,,97.2,93.2,94.1,97.41,93.46,94.55,93.01,89.25,87.24,91.03999999999999,90.85,92.22,0.0,0.0,0.0,5.0,8.0,1.0,5.0,8.0,1.0,5.0,4.0,5.0,5.0,8.0,1.0,0.0,0.0,0.0
./models/latin-upvc-single-Gend-Gend-2021_02_21-04_08_08.tar,Gend,Adam-LSTM-H300-C150,Adam,LSTM,300,150,,97.16,93.63,93.26,97.38,93.92,93.76,92.63,89.0,85.91,91.02,91.46,91.52,0.0,0.0,0.0,6.0,5.0,8.0,6.0,5.0,8.0,6.0,6.0,8.0,6.0,5.0,7.0,0.0,0.0,0.0
./models/latin-upvc-single-Gend-Gend-2021_02_21-09_39_27.tar,Gend,Adam-LSTM-H300-C150,Adam,LSTM,300,150,,97.11999999999999,93.28999999999999,93.58999999999999,97.35000000000001,93.57,94.06,92.44,88.99000000000001,87.02,90.93,91.09,91.74,0.0,0.0,0.0,8.0,7.0,6.0,7.5,7.0,6.0,8.0,7.0,6.0,8.0,7.0,6.0,0.0,0.0,0.0
./models/latin-upvc-single-Gend-Gend-2021_02_21-14_31_35.tar,Gend,Adam-LSTM-H300-C150,Adam,LSTM,300,150,,97.36,93.75,94.08999999999999,97.55,94.06,94.5,93.35,89.12,88.56,91.39,91.61,92.08,0.0,0.0,0.0,4.0,4.0,2.0,4.0,4.0,2.0,3.0,5.0,1.0,4.0,4.0,3.0,0.0,0.0,0.0
./models/latin-upvc-single-Gend-Gend-2021_02_21-20_07_57.tar,Gend,Adam-LSTM-H300-C150,Adam,LSTM,300,150,,97.13000000000001,93.41000000000001,93.38,97.35000000000001,93.71000000000001,93.82000000000001,92.62,88.92,86.86,90.95,91.27,91.46,0.0,0.0,0.0,7.0,6.0,7.0,7.5,6.0,7.0,7.0,8.0,7.0,7.0,6.0,8.0,0.0,0.0,0.0
./models/latin-upvc-single-Gend-Gend-2021_02_22-00_43_35.tar,Gend,Adam-LSTM-H300-C150,Adam,LSTM,300,150,,97.42,94.12,93.88,97.61999999999999,94.38,94.28999999999999,93.35,90.0,87.98,91.61,91.93,91.99000000000001,0.0,0.0,0.0,2.0,2.0,4.0,2.0,2.0,4.0,3.0,2.0,3.0,2.0,2.0,4.0,0.0,0.0,0.0
./models/latin-upvc-single-Gend-Gend-2021_02_22-06_09_31.tar,Gend,Adam-LSTM-H300-C150,Adam,LSTM,300,150,,97.37,93.96,93.84,97.57000000000001,94.23,94.25,93.35,89.81,87.91,91.46,91.74,91.96,0.0,0.0,0.0,3.0,3.0,5.0,3.0,3.0,5.0,3.0,3.0,4.0,3.0,3.0,5.0,0.0,0.0,0.0
./models/latin-upvc-single-Mood_Tense_Voice-Mood_Tense_Voice-2021_02_20-20_01_19.tar,Mood_Tense_Voice,Adam-LSTM-H300-C150,Adam,LSTM,300,150,,98.85000000000001,88.2,84.0,99.03,88.84,85.49,95.11,78.64999999999999,77.34,93.58,85.48,80.66,0.0,0.0,0.0,2.0,3.0,4.0,3.5,3.0,4.0,2.0,3.0,6.0,5.5,1.0,5.0,0.0,0.0,0.0
./models/latin-upvc-single-Mood_Tense_Voice-Mood_Tense_Voice-2021_02_21-00_47_55.tar,Mood_Tense_Voice,Adam-LSTM-H300-C150,Adam,LSTM,300,150,,98.9,90.21000000000001,86.81,99.07000000000001,90.88000000000001,88.88000000000001,95.37,81.31,83.74000000000001,93.91000000000001,83.72,82.34,0.0,0.0,0.0,1.0,1.0,1.0,1.0,1.0,1.0,1.0,1.0,1.0,1.0,2.0,1.0,0.0,0.0,0.0
./models/latin-upvc-single-Mood_Tense_Voice-Mood_Tense_Voice-2021_02_21-06_21_50.tar,Mood_Tense_Voice,Adam-LSTM-H300-C150,Adam,LSTM,300,150,,98.75,86.92,85.16,98.98,87.9,86.59,94.07,74.28,74.81,93.58,81.38,81.43,0.0,0.0,0.0,7.0,4.0,2.0,6.0,4.0,2.0,8.0,7.0,8.0,5.5,5.0,3.0,0.0,0.0,0.0
./models/latin-upvc-single-Mood_Tense_Voice-Mood_Tense_Voice-2021_02_21-11_33_14.tar,Mood_Tense_Voice,Adam-LSTM-H300-C150,Adam,LSTM,300,150,,98.79,85.39,83.65,99.0,86.21,85.13,94.61,77.88000000000001,79.89,93.75,81.94,81.01,0.0,0.0,0.0,5.0,6.0,5.0,5.0,6.0,6.0,5.0,4.0,4.0,2.0,4.0,4.0,0.0,0.0,0.0
./models/latin-upvc-single-Mood_Tense_Voice-Mood_Tense_Voice-2021_02_21-16_55_27.tar,Mood_Tense_Voice,Adam-LSTM-H300-C150,Adam,LSTM,300,150,,98.74000000000001,88.74,84.2,98.96000000000001,89.8,86.42,94.24,80.13,80.7,93.24,83.17,82.04,0.0,0.0,0.0,8.0,2.0,3.0,8.0,2.0,3.0,7.0,2.0,2.0,8.0,3.0,2.0,0.0,0.0,0.0
./models/latin-upvc-single-Mood_Tense_Voice-Mood_Tense_Voice-2021_02_21-21_40_31.tar,Mood_Tense_Voice,Adam-LSTM-H300-C150,Adam,LSTM,300,150,,98.83999999999999,83.63000000000001,82.47,99.03999999999999,84.85000000000001,83.08,94.69,72.89999999999999,75.22999999999999,93.73,80.45,79.73,0.0,0.0,0.0,3.0,7.0,7.0,2.0,7.0,8.0,4.0,8.0,7.0,3.0,6.0,7.0,0.0,0.0,0.0
./models/latin-upvc-single-Mood_Tense_Voice-Mood_Tense_Voice-2021_02_22-03_01_31.tar,Mood_Tense_Voice,Adam-LSTM-H300-C150,Adam,LSTM,300,150,,98.83,85.83,83.47,99.03,86.35000000000001,85.34,94.74000000000001,74.89,77.66,93.67999999999999,78.81,77.8,0.0,0.0,0.0,4.0,5.0,6.0,3.5,5.0,5.0,3.0,6.0,5.0,4.0,8.0,8.0,0.0,0.0,0.0
./models/latin-upvc-single-Mood_Tense_Voice-Mood_Tense_Voice-2021_02_22-08_09_52.tar,Mood_Tense_Voice,Adam-LSTM-H300-C150,Adam,LSTM,300,150,,98.76,83.36,82.14,98.97,84.21,83.91999999999999,94.43,77.78,80.36999999999999,93.47999999999999,79.08,80.49,0.0,0.0,0.0,6.0,8.0,8.0,7.0,8.0,7.0,6.0,5.0,3.0,7.0,7.0,6.0,0.0,0.0,0.0
./models/latin-upvc-single-Numb-Numb-2021_02_20-20_34_55.tar,Numb,Adam-LSTM-H300-C150,Adam,LSTM,300,150,,98.11999999999999,98.1,97.92,98.26,98.24000000000001,98.06,95.3,93.67999999999999,93.33,93.87,93.83,93.33,0.0,0.0,0.0,1.0,1.0,4.5,1.0,1.0,4.0,2.0,1.0,4.0,1.0,1.0,6.0,0.0,0.0,0.0
./models/latin-upvc-single-Numb-Numb-2021_02_21-01_18_49.tar,Numb,Adam-LSTM-H300-C150,Adam,LSTM,300,150,,98.07000000000001,97.81,98.13,98.22,97.97,98.26,94.97,91.81,93.32000000000001,93.75,93.07,94.01,0.0,0.0,0.0,3.5,6.0,1.0,3.0,6.0,1.0,6.0,5.0,5.0,4.0,7.0,1.0,0.0,0.0,0.0
./models/latin-upvc-single-Numb-Numb-2021_02_21-06_47_18.tar,Numb,Adam-LSTM-H300-C150,Adam,LSTM,300,150,,97.95,97.87,97.8,98.07000000000001,97.99,97.89999999999999,95.46,93.44,92.88,93.47,93.42,92.95,0.0,0.0,0.0,6.0,4.0,8.0,7.5,4.0,8.0,1.0,2.0,7.0,6.0,3.0,8.0,0.0,0.0,0.0
./models/latin-upvc-single-Numb-Numb-2021_02_21-11_56_02.tar,Numb,Adam-LSTM-H300-C150,Adam,LSTM,300,150,,97.91,97.75,97.84,98.07000000000001,97.91,97.98,94.8,91.73,93.0,93.41000000000001,93.08,93.17999999999999,0.0,0.0,0.0,8.0,7.0,7.0,7.5,7.0,7.0,8.0,6.0,6.0,8.0,6.0,7.0,0.0,0.0,0.0
./models/latin-upvc-single-Numb-Numb-2021_02_21-17_30_30.tar,Numb,Adam-LSTM-H300-C150,Adam,LSTM,300,150,,98.07000000000001,97.89,98.02,98.22,98.05,98.16,95.05,92.23,93.78,93.78999999999999,93.35,93.71000000000001,0.0,0.0,0.0,3.5,3.0,2.0,3.0,3.0,2.0,5.0,4.0,2.0,2.0,4.0,2.0,0.0,0.0,0.0
./models/latin-upvc-single-Numb-Numb-2021_02_21-22_04_40.tar,Numb,Adam-LSTM-H300-C150,Adam,LSTM,300,150,,97.96000000000001,97.83,97.85000000000001,98.11,97.98,98.0,94.89999999999999,91.47999999999999,93.41000000000001,93.60000000000001,93.27,93.37,0.0,0.0,0.0,5.0,5.0,6.0,5.0,5.0,6.0,7.0,7.0,3.0,5.0,5.0,5.0,0.0,0.0,0.0
./models/latin-upvc-single-Numb-Numb-2021_02_22-03_31_10.tar,Numb,Adam-LSTM-H300-C150,Adam,LSTM,300,150,,97.94,97.74000000000001,97.92,98.08,97.89,98.03,95.07,91.19,93.88,93.45,92.96,93.43,0.0,0.0,0.0,7.0,8.0,4.5,6.0,8.0,5.0,4.0,8.0,1.0,7.0,8.0,3.0,0.0,0.0,0.0
./models/latin-upvc-single-Numb-Numb-2021_02_22-08_41_59.tar,Numb,Adam-LSTM-H300-C150,Adam,LSTM,300,150,,98.08,98.0,97.95,98.22,98.14,98.08,95.25,92.95,92.81,93.78,93.65,93.38,0.0,0.0,0.0,2.0,2.0,3.0,3.0,2.0,3.0,3.0,3.0,8.0,3.0,2.0,4.0,0.0,0.0,0.0
./models/latin-upvc-single-Person-Person-2021_02_20-20_49_24.tar,Person,Adam-LSTM-H300-C150,Adam,LSTM,300,150,,99.71,98.7,97.91,99.79,98.82,98.46000000000001,98.2,97.61,94.67999999999999,98.02,94.21000000000001,93.36,0.0,0.0,0.0,5.0,4.0,5.0,5.0,4.0,5.0,4.0,4.0,5.0,5.0,4.0,2.0,0.0,0.0,0.0
./models/latin-upvc-single-Person-Person-2021_02_21-01_42_59.tar,Person,Adam-LSTM-H300-C150,Adam,LSTM,300,150,,99.77000000000001,99.11999999999999,98.2,99.83,99.25,98.64,98.49,98.05,95.65,98.29,96.08,93.33,0.0,0.0,0.0,1.0,1.0,2.0,1.0,1.0,2.0,2.0,1.0,2.0,1.0,1.0,3.0,0.0,0.0,0.0
./models/latin-upvc-single-Person-Person-2021_02_21-07_05_58.tar,Person,Adam-LSTM-H300-C150,Adam,LSTM,300,150,,99.72,98.75,97.92,99.8,98.91,98.47,98.16,97.45,94.74000000000001,98.14,95.1,92.86999999999999,0.0,0.0,0.0,4.0,3.0,4.0,3.5,2.5,4.0,5.0,7.0,4.0,3.0,2.0,7.0,0.0,0.0,0.0
./models/latin-upvc-single-Person-Person-2021_02_21-12_08_01.tar,Person,Adam-LSTM-H300-C150,Adam,LSTM,300,150,,99.63,98.53,97.1,99.72,98.61,97.78999999999999,97.71,97.53,93.08999999999999,97.61,93.47,91.09,0.0,0.0,0.0,8.0,7.0,8.0,8.0,7.0,8.0,8.0,5.0,8.0,8.0,8.0,8.0,0.0,0.0,0.0
./models/latin-upvc-single-Person-Person-2021_02_21-17_43_50.tar,Person,Adam-LSTM-H300-C150,Adam,LSTM,300,150,,99.69,98.58,97.72,99.78,98.77,98.37,97.85000000000001,97.05,93.96,97.97,93.71000000000001,93.10000000000001,0.0,0.0,0.0,6.0,6.0,7.0,6.0,5.0,7.0,7.0,8.0,6.0,6.0,6.0,4.0,0.0,0.0,0.0
./models/latin-upvc-single-Person-Person-2021_02_21-22_22_05.tar,Person,Adam-LSTM-H300-C150,Adam,LSTM,300,150,,99.76,98.6,98.61,99.82,98.7,98.92999999999999,98.63,97.74000000000001,96.67,98.16,93.74,94.66,0.0,0.0,0.0,2.0,5.0,1.0,2.0,6.0,1.0,1.0,3.0,1.0,2.0,5.0,1.0,0.0,0.0,0.0
./models/latin-upvc-single-Person-Person-2021_02_22-03_45_51.tar,Person,Adam-LSTM-H300-C150,Adam,LSTM,300,150,,99.68,98.5,97.76,99.77000000000001,98.6,98.42,97.94,97.47,93.94,97.87,93.67999999999999,92.91,0.0,0.0,0.0,7.0,8.0,6.0,7.0,8.0,6.0,6.0,6.0,7.0,7.0,7.0,6.0,0.0,0.0,0.0
./models/latin-upvc-single-Person-Person-2021_02_22-09_00_48.tar,Person,Adam-LSTM-H300-C150,Adam,LSTM,300,150,,99.72999999999999,98.83,97.96000000000001,99.8,98.91,98.5,98.28,98.02,94.85,98.1,94.87,93.02,0.0,0.0,0.0,3.0,2.0,3.0,3.5,2.5,3.0,3.0,2.0,3.0,4.0,3.0,5.0,0.0,0.0,0.0
./models/latin-upvc-single-lemma-lemma-2021_02_20-19_35_51.tar,lemma,Adam-LSTM-H122-C256,Adam,LSTM,122,256,,97.26,82.94,82.78,97.74000000000001,90.62,90.64999999999999,87.67,72.92999999999999,72.68,92.58999999999999,69.12,69.87,50.82,34.089999999999996,33.900000000000006,1.0,2.0,2.0,1.0,1.0,1.0,5.0,5.0,5.0,1.0,1.0,1.0,6.0,6.0,6.0
./models/latin-upvc-single-lemma-lemma-2021_02_21-00_23_40.tar,lemma,Adam-LSTM-H122-C256,Adam,LSTM,122,256,,96.16,74.66000000000001,73.59,96.75,81.13,80.53,84.11999999999999,67.47,66.72,90.7,58.26,60.709999999999994,62.23,45.43,45.300000000000004,7.0,8.0,8.0,8.0,8.0,8.0,7.0,7.0,7.0,7.0,8.0,8.0,2.0,2.0,2.0
./models/latin-upvc-single-lemma-lemma-2021_02_21-05_58_54.tar,lemma,Adam-LSTM-H122-C256,Adam,LSTM,122,256,,97.04,82.23,81.78999999999999,97.48,88.55,88.49000000000001,88.14,74.41,73.96000000000001,91.96,65.98,67.44,61.31999999999999,44.76,44.39,4.0,5.0,5.0,3.5,5.0,5.0,3.0,3.0,3.0,3.0,3.0,3.0,3.5,4.0,4.0
./models/latin-upvc-single-lemma-lemma-2021_02_21-11_11_47.tar,lemma,Adam-LSTM-H122-C256,Adam,LSTM,122,256,,97.15,83.33,83.06,97.57000000000001,89.60000000000001,89.66,88.58,75.21,74.69,92.16,67.23,68.15,63.5,46.800000000000004,46.63,2.0,1.0,1.0,2.0,2.0,2.0,1.0,1.0,1.0,2.0,2.0,2.0,1.0,1.0,1.0
./models/latin-upvc-single-lemma-lemma-2021_02_21-16_29_52.tar,lemma,Adam-LSTM-H122-C256,Adam,LSTM,122,256,,96.88,82.28999999999999,81.87,97.33000000000001,89.07000000000001,89.01,87.75,73.42999999999999,73.03,91.27,63.92,65.38000000000001,59.78,43.07,42.84,5.0,4.0,4.0,5.0,4.0,4.0,4.0,4.0,4.0,6.0,5.0,6.0,5.0,5.0,5.0
./models/latin-upvc-single-lemma-lemma-2021_02_21-21_17_41.tar,lemma,Adam-LSTM-H122-C256,Adam,LSTM,122,256,,96.15,75.58,75.13,96.78999999999999,84.24000000000001,84.17999999999999,83.17999999999999,65.13,64.9,90.12,59.019999999999996,61.27,46.83,30.79,30.79,8.0,7.0,7.0,7.0,7.0,7.0,8.0,8.0,8.0,8.0,7.0,7.0,8.0,8.0,8.0
./models/latin-upvc-single-lemma-lemma-2021_02_22-02_38_48.tar,lemma,Adam-LSTM-H122-C256,Adam,LSTM,122,256,,97.06,82.84,82.52000000000001,97.48,89.11,89.12,88.35,74.67,74.26,91.89,65.41,66.83,61.31999999999999,44.78,44.64,3.0,3.0,3.0,3.5,3.0,3.0,2.0,2.0,2.0,4.0,4.0,4.0,3.5,3.0,3.0
./models/latin-upvc-single-lemma-lemma-2021_02_22-07_51_00.tar,lemma,Adam-LSTM-H122-C256,Adam,LSTM,122,256,,96.76,79.55,79.36999999999999,97.31,87.58,87.66000000000001,85.66,69.59,69.33,91.46,63.7,65.55,48.64,32.08,31.89,6.0,6.0,6.0,6.0,6.0,6.0,6.0,6.0,6.0,5.0,6.0,5.0,7.0,7.0,7.0
./models/latin-upvc-single-pos-pos-2021_02_20-21_17_36.tar,pos,Adam-LSTM-H300-C150,Adam,LSTM,300,150,,96.77,95.26,95.39,97.05,95.81,95.53,91.19,71.67,75.22,91.99000000000001,90.57,87.99,0.0,0.0,0.0,4.0,3.0,1.0,3.0,3.0,1.0,6.0,4.0,3.0,3.5,4.0,5.0,0.0,0.0,0.0
./models/latin-upvc-single-pos-pos-2021_02_21-02_18_00.tar,pos,Adam-LSTM-H300-C150,Adam,LSTM,300,150,,96.76,94.89999999999999,95.07,97.02,95.42,95.25,91.53999999999999,70.75,72.95,91.84,86.91,85.0,0.0,0.0,0.0,5.0,7.0,4.0,5.0,7.0,5.0,2.0,5.0,5.0,5.0,8.0,8.0,0.0,0.0,0.0
./models/latin-upvc-single-pos-pos-2021_02_21-07_38_14.tar,pos,Adam-LSTM-H300-C150,Adam,LSTM,300,150,,96.73,95.06,95.30999999999999,96.99,95.55,95.46,91.4,66.53,67.08,91.83,90.62,88.64,0.0,0.0,0.0,6.0,5.5,2.0,6.0,6.0,3.0,4.0,6.0,6.0,6.0,3.0,2.0,0.0,0.0,0.0
./models/latin-upvc-single-pos-pos-2021_02_21-12_40_18.tar,pos,Adam-LSTM-H300-C150,Adam,LSTM,300,150,,96.8,95.28999999999999,95.27,97.08,95.89999999999999,95.5,91.22,73.59,77.73,92.07,90.82000000000001,89.5,0.0,0.0,0.0,2.0,1.0,3.0,1.5,2.0,2.0,5.0,1.0,2.0,1.0,2.0,1.0,0.0,0.0,0.0
./models/latin-upvc-single-pos-pos-2021_02_21-18_08_03.tar,pos,Adam-LSTM-H300-C150,Adam,LSTM,300,150,,96.52,95.06,94.78999999999999,96.84,95.65,94.96,90.07,57.07,64.92999999999999,91.67999999999999,89.75,86.98,0.0,0.0,0.0,7.0,5.5,7.0,7.0,5.0,7.0,8.0,8.0,7.0,7.0,7.0,6.0,0.0,0.0,0.0
./models/latin-upvc-single-pos-pos-2021_02_21-22_53_09.tar,pos,Adam-LSTM-H300-C150,Adam,LSTM,300,150,,96.78,95.19999999999999,95.06,97.04,95.73,95.36,91.49000000000001,63.17,64.38000000000001,91.99000000000001,90.14999999999999,88.34,0.0,0.0,0.0,3.0,4.0,5.0,4.0,4.0,4.0,3.0,7.0,8.0,3.5,5.0,3.0,0.0,0.0,0.0
./models/latin-upvc-single-pos-pos-2021_02_22-04_08_31.tar,pos,Adam-LSTM-H300-C150,Adam,LSTM,300,150,,96.5,94.73,94.56,96.81,95.37,94.81,90.21000000000001,72.68,73.89,91.42,89.83,86.64,0.0,0.0,0.0,8.0,8.0,8.0,8.0,8.0,8.0,7.0,2.0,4.0,8.0,6.0,7.0,0.0,0.0,0.0
./models/latin-upvc-single-pos-pos-2021_02_22-09_41_10.tar,pos,Adam-LSTM-H300-C150,Adam,LSTM,300,150,,96.83,95.28,94.89999999999999,97.08,95.91,95.13000000000001,91.77,72.32,79.43,92.04,91.19,88.03,0.0,0.0,0.0,1.0,2.0,6.0,1.5,1.0,6.0,1.0,3.0,1.0,2.0,1.0,4.0,0.0,0.0,0.0
